Fecha;Fondo;Ticker;Accion;Porcentaje;Modif_porc;Peso_absoluto;Precio;Banco;CNMV
01-09-2024;ALPHA;AC.PA;ACCOR EUR 2.251 2,13 2.072 2,39;4.73;-0.003403141361256611;-0.016096858638743772;38.07;IBERCAJA;NOSE
01-09-2024;BESTIDEAS;IBE.MC;Iberdrola, S.A.;17.56838834;0.006279434850863428;0.11031955001569868;12.82;IBERCAJA;NOSE
01-09-2024;BESTIDEAS;TEF.MC;Telefónica, S.A.;10.95818855;0.004169732646553924;0.0456927165440284;4.094;IBERCAJA;NOSE
01-09-2024;BESTIDEAS;NVO;NOVO-NORDISK;7.157529454;0.011925538103548475;0.0853573902309475;139.16;IBERCAJA;NOSE
01-09-2024;BESTIDEAS;OR.PA;LOREAL;6.120991106;-0.004892736168611187;-0.02994839457207359;396.6;IBERCAJA;NOSE
01-09-2024;BESTIDEAS;NTGY.MC;Naturgy Energy Group, S.A.;5.937176619;0.0026086956521738573;0.015488286832173582;23.06;IBERCAJA;NOSE
01-09-2024;BESTIDEAS;MC.PA;LVMH MOET HENNESSY LOUIS VUI;5.908975925;-0.004576321228225602;-0.027041371962651512;674.3;IBERCAJA;NOSE
01-09-2024;BESTIDEAS;BTI;BRITISH AMERICAN TOBACCO PLC;4.83651748;0.006159614354579455;0.029791082495982456;37.57;IBERCAJA;NOSE
01-09-2024;BESTIDEAS;ASML;ASML HOLDING NV;4.830961442;0.018204143244978616;0.08794351410113646;903.87;IBERCAJA;NOSE
01-09-2024;BESTIDEAS;NKE;NIKE INC;4.798870627;0.0007206341580589486;0.003458230093921964;83.32;IBERCAJA;NOSE
01-09-2024;BESTIDEAS;REP.MC;Repsol, S.A.;3.851010579;0.0016083634901487393;0.006193824815440158;12.455;IBERCAJA;NOSE
01-09-2024;BESTIDEAS;SYK;STRYKER CORP;3.475527998;0.006956667504819403;0.024178092685776635;360.42;IBERCAJA;NOSE
01-09-2024;BESTIDEAS;MSFT;MICROSOFT CORP ;3.284584604;0.009730828814872148;0.03196173050948862;417.14;IBERCAJA;NOSE
01-09-2024;BESTIDEAS;AEM; AGNICO EAGLE MINES LTD       ;3.106642876;-0.0026931080915656614;-0.008366525066960418;81.47;IBERCAJA;NOSE
01-09-2024;BESTIDEAS;ADP;AUTOMATIC DATA PROCESSING;3.101818696;0.009328358208955265;0.028934875895522516;275.91;IBERCAJA;NOSE
01-09-2024;BESTIDEAS;JNJ;Johnson Johnson;3.101718491;0.009925105035620921;0.030784881814102626;165.86;IBERCAJA;NOSE
01-09-2024;BESTIDEAS;MAR;MARRIOTT INTERNATIONAL -CL;2.02683543;0.014349310627998414;0.029083691176902737;234.69;IBERCAJA;NOSE
01-09-2024;BESTIDEAS;HD;Home depot;1.603467139;0.003923064349152721;0.00629050476804881;368.5;IBERCAJA;NOSE
01-09-2024;BESTIDEAS;CBAV.MC;Clínica Baviera, S.A;1.438870638;0.013513513513513466;0.01944419781081074;30.0;IBERCAJA;NOSE
01-09-2024;BESTIDEAS;ENC.MC;ENCE Energía y Celulosa;1.230559482;0.00647249190938512;0.007964786291262144;3.11;IBERCAJA;NOSE
01-09-2024;BESTIDEAS;VRSK;VERISK ANALYTICS INC;1.227517529;0.004085237937506952;0.005014701178425589;272.82;IBERCAJA;NOSE
01-09-2024;BESTIDEAS;MRO;Marathon Oil Corporation;1.181535724;-0.006932409012131814;-0.008190888901213288;28.65;IBERCAJA;NOSE
01-09-2024;BESTIDEAS;PG;PROCTER GAMBLE CO THE;1.111062619;0.008880785743692237;0.00986710906716456;171.54;IBERCAJA;NOSE
01-09-2024;BESTIDEAS;LOG.MC;Logista            Industrials ;1.078354466;0.01459854014598548;0.015742400963503735;27.8;IBERCAJA;NOSE
01-09-2024;BESTIDEAS;MAP.MC;Mapfre, S.A.;1.062894187;0.0106477373558119;0.01131741814019522;2.278;IBERCAJA;NOSE
01-09-2024;BESTIDEAS;PBR-A;PETROLEO BRASIL-SP;0.0;-0.004996431120628143;-0.0;13.94;IBERCAJA;NOSE
01-09-2024;BOLSAESPANA;IBE.MC;IBERDROLA EUR 5.600 9,41 6.821 10,21;9.5;0.006279434850863428;0.05965463108320256;12.82;IBERCAJA;NOSE
01-09-2024;BOLSAESPANA;ITX.MC;INDITEX EUR 3.680 6,18 6.102 9,14;9.09;-0.007497467071935249;-0.06815197568389142;48.98;IBERCAJA;NOSE
01-09-2024;BOLSAESPANA;SAN.MC;BANCO SANTANDER EUR;7.86;0.0016709368385875647;0.013133563551298258;4.496;IBERCAJA;NOSE
01-09-2024;BOLSAESPANA;BBVA.MC;BBVA EUR 2.890 4,86 4.524 6,77;7.42;0.008200168208578574;0.060845248107653016;9.59;IBERCAJA;NOSE
01-09-2024;BOLSAESPANA;CABK.MC;CAIXABANK EUR 1.348 2,83 786 1,64;5.15;0.010362694300518144;0.05336787564766844;5.46;IBERCAJA;NOSE
01-09-2024;BOLSAESPANA;FER.MC;FERROVIAL EUR 1.400 2,94 1.424 2,98;4.66;0.010171306209850175;0.047398286937901817;37.74;IBERCAJA;NOSE
01-09-2024;BOLSAESPANA;BKT.MC;BANKINTER EUR 888 1,86 664 1,39;4.58;0.0057861635220126115;0.02650062893081776;7.996;IBERCAJA;NOSE
01-09-2024;BOLSAESPANA;REP.MC;REPSOL SA EUR 2.852 4,79 3.884 5,82;3.96;0.0016083634901487393;0.006369119420989008;12.455;IBERCAJA;NOSE
01-09-2024;BOLSAESPANA;GCO.MC;CATALANA OCCIDENTE S EUR 1.190 2,49 1.020 2,13;3.18;0.006305170239596469;0.020050441361916773;39.9;IBERCAJA;NOSE
01-09-2024;BOLSAESPANA;VIS.MC;VISCOFAN EUR 442 0,93 435 0,91;3.09;0.0;0.0;61.1;IBERCAJA;NOSE
01-09-2024;BOLSAESPANA;CLNX.MC;CELLNEX TELECOM SAU EUR 1.838 3,09 1.208 1,81;2.96;-0.0020000000000000083;-0.005920000000000024;34.93;IBERCAJA;NOSE
01-09-2024;BOLSAESPANA;VID.MC;VIDRALA EUR 1.282 2,69 1.298 2,71;2.95;0.011270491803278777;0.0332479508196724;98.7;IBERCAJA;NOSE
01-09-2024;BOLSAESPANA;GRF.MC;GRIFOLS SA EUR 2.200 3,70 1.040 1,56;2.92;0.0143753796315043;0.041976108523992556;10.02;IBERCAJA;NOSE
01-09-2024;BOLSAESPANA;ELE.MC;ENDESA S.A. EUR 1.173 2,46 1.162 2,43;2.38;0.004470155140678457;0.010638969234814727;19.1;IBERCAJA;NOSE
01-09-2024;BOLSAESPANA;CAF.MC;C.A.F. EUR 942 1,97 945 1,98;2.3;0.00580551523947738;0.013352685050797971;34.65;IBERCAJA;NOSE
01-09-2024;BOLSAESPANA;MAP.MC;MAPFRE EUR 629 1,32 564 1,18;2.28;0.0106477373558119;0.024276841171251128;2.278;IBERCAJA;NOSE
01-09-2024;BOLSAESPANA;TEF.MC;TELEFONICA EUR 687 1,44 746 1,56;1.62;0.004169732646553924;0.006754966887417357;4.094;IBERCAJA;NOSE
01-09-2024;BOLSAESPANA;LOG.MC;LOGISTA EUR 254 0,53 -- --;1.61;0.01459854014598548;0.023503649635036625;27.8;IBERCAJA;NOSE
01-09-2024;BOLSAESPANA;DOM.MC;GLOBAL DOMINION EUR 1.119 2,35 978 2,04;1.58;0.017211703958692003;0.027194492254733367;2.955;IBERCAJA;NOSE
01-09-2024;BOLSAESPANA;TUB.MC;TUBACEX EUR 630 1,48 154 0,35;1.48;-0.0050847457627119065;-0.007525423728813621;2.935;IBERCAJA;NOSE
01-09-2024;BOLSAESPANA;IAG.MC;INTERNATIONAL CONSOL EUR 2.166 3,64 1.728 2,59;1.46;-0.001379944802207964;-0.0020147194112236275;2.171;IBERCAJA;NOSE
01-09-2024;BOLSAESPANA;MRL.MC;MERLIN PROPERTIES EUR 549 1,15 490 1,03;1.42;0.021178637200736688;0.030073664825046094;11.09;IBERCAJA;NOSE
01-09-2024;BOLSAESPANA;CIE.MC;CIE AUTOMOTIVE EUR 1.455 2,44 815 1,22;1.39;0.0018450184501843968;0.0025645756457563116;27.15;IBERCAJA;NOSE
01-09-2024;BOLSAESPANA;IDR.MC;INDRA EUR 639 1,53 -- --;1.32;-0.0011806375442738827;-0.0015584415584415253;16.92;IBERCAJA;NOSE
01-09-2024;BOLSAESPANA;SCYR.MC;SACYR EUR 733 1,54 679 1,42;1.32;0.004329004329004402;0.0057142857142858106;3.248;IBERCAJA;NOSE
01-09-2024;BOLSAESPANA;ROVI.MC;LABORATORIOS FARMA EUR 508 1,36 672 1,62;1.27;0.015964240102171137;0.020274584929757346;79.55;IBERCAJA;NOSE
01-09-2024;BOLSAESPANA;COL.MC;COLONIAL EUR 1.032 2,16 1.003 2,10;1.23;0.030881017257039043;0.03798365122615802;5.675;IBERCAJA;NOSE
01-09-2024;BOLSAESPANA;TLGO.MC;TALGO S.A. EUR 503 1,05 486 1,02;1.04;-0.013941698352344668;-0.014499366286438456;3.89;IBERCAJA;NOSE
01-09-2024;BOLSAESPANA;MCM.MC;MIQUEL Y COSTAS EUR 993 2,08 949 1,99;0.97;0.0040000000000000565;0.003880000000000055;12.55;IBERCAJA;NOSE
01-09-2024;BOLSAESPANA;ALM.MC;LABORATORS ALMIRALL EUR 337 0,79 -- --;0.79;0.009148084619782742;0.007226986849628366;8.825;IBERCAJA;NOSE
01-09-2024;BOLSAESPANA;GEST.MC;GESTAMP AUTOMOCION, EUR 246 0,58 -- --;0.58;0.00764818355640519;0.00443594646271501;2.635;IBERCAJA;NOSE
01-09-2024;BOLSAESPANA;GRE.MC;GRENERGY RENOVABLES EUR 137 0,32 113 0,26;0.32;0.0030211480362538194;0.0009667673716012222;33.2;IBERCAJA;NOSE
01-09-2024;BOLSAEUROPA;ROG.SW;ROCHE HOLDINGS CHF 2.350 2,69 -- --;4.28;0.006306937631394574;0.02699369306236878;287.2;IBERCAJA;NOSE
01-09-2024;BOLSAEUROPA;NOVO-B.CO;NOVO DKK 3.178 1,93 3.154 1,98;3.83;0.017241379310344803;0.0660344827586206;938.1;IBERCAJA;NOSE
01-09-2024;BOLSAEUROPA;KYL.F;KERRY GROUP PLC EUR 3.863 1,18 -- --;3.31;-0.012345679012345689;-0.04086419753086423;0.8;IBERCAJA;NOSE
01-09-2024;BOLSAEUROPA;AZN.L;ASTRAZENECA GBP 2.089 1,15 3.828 2,74;2.7;0.0;0.0;13274.0;IBERCAJA;NOSE
01-09-2024;BOLSAEUROPA;SHELL.AS;SHELL PLC EUR 1.540 1,66 -- --;2.57;-0.012913143735588063;-0.033186779400461316;32.105;IBERCAJA;NOSE
01-09-2024;BOLSAEUROPA;ASML.AS;ASM LITHOGRAPHY HOLD EUR 3.164 1,74 2.205 1,58;2.53;-0.013365735115431349;-0.033815309842041306;812.0;IBERCAJA;NOSE
01-09-2024;BOLSAEUROPA;SAN.PA;SANOFI SA EUR 3.137 1,72 3.416 2,44;2.45;-0.002365930599369035;-0.005796529968454136;101.2;IBERCAJA;NOSE
01-09-2024;BOLSAEUROPA;FP.VI;TOTAL ENERGIES EUR;2.34;-0.00382653061224493;-0.008954081632653136;62.48;IBERCAJA;NOSE
01-09-2024;BOLSAEUROPA;NESN.SW;NESTLE CHF 4.435 2,44 3.642 2,60;2.32;-0.0008781558726673798;-0.002037321624588321;91.02;IBERCAJA;NOSE
01-09-2024;BOLSAEUROPA;HNK1.F;HEINEKEN;2.26;-0.00024390243902434173;-0.0005512195121950122;81.98;IBERCAJA;NOSE
01-09-2024;BOLSAEUROPA;NG.L;National Grid PLC Nuevo Capital GBP;2.24;0.0070592981040742235;0.01581282775312626;998.6;IBERCAJA;NOSE
01-09-2024;BOLSAEUROPA;MC.PA;LOUIS VUITTON EUR 2.329 1,41 2.095 1,31;1.97;-0.004576321228225602;-0.009015352819604435;674.3;IBERCAJA;NOSE
01-09-2024;BOLSAEUROPA;HLN.L;HALEON PLC GBP 556 0,70 -- --;1.96;0.010047593865679565;0.019693283976731948;382.0;IBERCAJA;NOSE
01-09-2024;BOLSAEUROPA;OR.PA;LOREAL EUR 3.507 2,13 1.782 1,12;1.96;-0.004892736168611187;-0.009589762890477926;396.6;IBERCAJA;NOSE
01-09-2024;BOLSAEUROPA;ORSTED.CO;ORSTED A DKK 3.581 2,17 -- --;1.96;-0.001023017902813241;-0.0020051150895139523;390.6;IBERCAJA;NOSE
01-09-2024;BOLSAEUROPA;CFT.SW;CIE FINANCIERE RIC CHF 1.120 1,41 1.164 1,12;1.94;-0.009966777408637873;-0.019335548172757473;149.0;IBERCAJA;NOSE
01-09-2024;BOLSAEUROPA;CK0.SG;COCA COLA EUROPAC EUR 1.445 1,81 -- --;1.94;0.016949152542372923;0.03288135593220347;72.0;IBERCAJA;NOSE
01-09-2024;BOLSAEUROPA;IBE.MC;IBERDROLA EUR 2.469 1,50 1.694 1,06;1.94;0.006279434850863428;0.01218210361067505;12.82;IBERCAJA;NOSE
01-09-2024;BOLSAEUROPA;NOVN.SW;NOVARTIS CHF 2.211 2,12 2.030 2,15;1.94;0.0019623233908948475;0.003806907378336004;102.12;IBERCAJA;NOSE
01-09-2024;BOLSAEUROPA;OCI.AS;OCI NV EUR 879 0,84 -- --;1.94;0.01670220326936741;0.03240227434257277;28.61;IBERCAJA;NOSE
01-09-2024;BOLSAEUROPA;REP.MC;REPSOL SA EUR 2.108 2,27 -- --;1.94;0.0016083634901487393;0.003120225170888554;12.455;IBERCAJA;NOSE
01-09-2024;BOLSAEUROPA;RKT.L;RECKITT BENCKISER GBP 4.558 2,50 -- --;1.94;0.006222631942843973;0.012071905969117308;4366.0;IBERCAJA;NOSE
01-09-2024;BOLSAEUROPA;RWE.DE;R.W.E AG EUR 1.327 2,43 1.718 4,32;1.94;0.00030656039239745914;0.0005947271612510707;32.63;IBERCAJA;NOSE
01-09-2024;BOLSAEUROPA;UNC.MU;UCB SA EUR 711 0,81 -- --;1.94;0.00030432136335960405;0.0005903834449176318;164.35;IBERCAJA;NOSE
01-09-2024;BOLSAEUROPA;GALP.LS;GALP ENERGIA EUR 1.267 1,59 1.554 1,49;1.59;-0.01185146168027379;-0.018843824071635325;18.76;IBERCAJA;NOSE
01-09-2024;BOLSAEUROPA;RMS.PA;HERMES INTERNATIONAL EUR 974 1,12 -- --;1.44;0.004166666666666667;0.006;2169.0;IBERCAJA;NOSE
01-09-2024;BOLSAEUROPA;EL.PA;ESSILORLUXOTTICA EUR 3.267 2,31 4.989 2,76;1.43;-0.005571030640668603;-0.007966573816156102;214.2;IBERCAJA;NOSE
01-09-2024;BOLSAEUROPA;LONNE.SW;LONZA GROUP CHF 1.141 1,43 1.802 1,73;1.43;0.0;0.0;553.8;IBERCAJA;NOSE
01-09-2024;BOLSAEUROPA;SIE.DE;SIEMENS AG EUR 1.748 0,96 2.092 1,50;1.39;-0.0017624250969334471;-0.002449770884737491;169.92;IBERCAJA;NOSE
01-09-2024;BOLSAEUROPA;ENEL.MI;ENEL SPA EUR 1.775 1,92 -- --;1.35;0.0026292725679228444;0.00354951796669584;6.864;IBERCAJA;NOSE
01-09-2024;BOLSAEUROPA;TEP.PA;TELEPERFORMANCE EUR 779 0,83 -- --;1.34;0.003654822335025375;0.004897461928934002;98.86;IBERCAJA;NOSE
01-09-2024;BOLSAEUROPA;HSBA.L;HSBC HOLDINGS GBP 930 1,07 1.089 1,18;1.33;0.008928571428571567;0.011875000000000184;666.7;IBERCAJA;NOSE
01-09-2024;BOLSAEUROPA;MTS.MC;ARCELOR MITTAL EUR 997 0,96 -- --;1.26;0.0009451795841209628;0.001190926275992413;21.18;IBERCAJA;NOSE
01-09-2024;BOLSAEUROPA;SU.PA;SCHNEIDER EUR 1.129 1,22 -- --;1.25;-0.0030381944444445182;-0.003797743055555648;229.7;IBERCAJA;NOSE
01-09-2024;BOLSAEUROPA;ALV.DE;ALLIANZ SE EUR 968 1,21 853 0,82;1.21;0.0;0.0;280.9;IBERCAJA;NOSE
01-09-2024;BOLSAEUROPA;SY1.BE;SYMRISE AG EUR 947 1,19 -- --;1.19;-0.0025337837837838798;-0.0030152027027028168;118.1;IBERCAJA;NOSE
01-09-2024;BOLSAEUROPA;VIE.PA;VEOLIA ENVIRONNEMENT EUR 932 1,01 -- --;1.15;0.005372733378106116;0.006178643384822033;29.94;IBERCAJA;NOSE
01-09-2024;BOLSAEUROPA;SAP.DE;SAP SE EUR 4.041 2,27 3.645 2,29;1.14;-0.006532006833484129;-0.007446487790171906;197.72;IBERCAJA;NOSE
01-09-2024;BOLSAEUROPA;BNP.PA;BNP PARIBAS EUR 1.558 1,10 -- --;1.1;0.007567219449364013;0.008323941394300415;62.58;IBERCAJA;NOSE
01-09-2024;BOLSAEUROPA;INGA.AS;ING GROEP NV EUR 1.141 0,81 -- --;1.1;0.004780583476342204;0.005258641823976425;16.394;IBERCAJA;NOSE
01-09-2024;BOLSAEUROPA;BC.MI;BRUNELLO CUCINELLI EUR 1.024 0,98 -- --;1.08;0.00623582766439906;0.006734693877550986;88.75;IBERCAJA;NOSE
01-09-2024;BOLSAEUROPA;MRK.F;MERCK KGAA EUR 909 0,87 1.085 1,15;1.08;0.014367816091954023;0.015517241379310346;176.5;IBERCAJA;NOSE
01-09-2024;BOLSAEUROPA;ADYEN.AS;ADYEN NV EUR 3.046 1,85 3.048 1,91;1.07;-0.0077646707480962295;-0.008308197700462965;1329.0;IBERCAJA;NOSE
01-09-2024;BOLSAEUROPA;DRX.L;DRAX GROUP GBP 846 1,06 -- --;1.06;-0.0222052067381317;-0.023537519142419604;638.5;IBERCAJA;NOSE
01-09-2024;BOLSAEUROPA;0QPY.IL;SONOVA HOLDING AG CHF 767 0,96 1.244 1,19;0.96;6.764755623216186e-05;6.494165398287538e-05;295.67;IBERCAJA;NOSE
01-09-2024;BOLSAEUROPA;PUK;PRUDENTIAL GBP 929 0,89 789 0,84;0.92;0.0;0.0;17.27;IBERCAJA;NOSE
01-09-2024;BOLSAEUROPA;BAYN.DE;BAYER EUR 673 0,84 1.013 0,97;0.84;0.0019777058612009965;0.0016612729234088371;27.865;IBERCAJA;NOSE
01-09-2024;BOLSAEUROPA;DGE.L;DIAGEO GBP 4.539 2,49 2.268 1,62;0.78;-0.006629168340699076;-0.005170751305745279;2472.5;IBERCAJA;NOSE
01-09-2024;BOLSAEUROPA;SN.L;SMITH_NEPHEW GBP 621 0,78 -- --;0.78;0.0017115960633290544;0.0013350449293966624;1170.5;IBERCAJA;NOSE
01-09-2024;BOLSAEUROPA;VOW.DE;VOLKSWAGEN AG EUR 615 0,59 -- --;0.7;-0.02226524685382379;-0.01558567279767665;101.0;IBERCAJA;NOSE
01-09-2024;BOLSAEUROPA;ITKA.MU;ANHEUSER-BUSCH EUR 526 0,66 -- --;0.66;0.0;0.0;55.5;IBERCAJA;NOSE
01-09-2024;BOLSAEUROPA;ABBN.SW;ABB CHF 900 0,86 -- --;0.65;0.0041296716911006165;0.002684286599215401;48.63;IBERCAJA;NOSE
01-09-2024;BOLSAEUROPA;DTE.DE;DEUTSCHE TELEKOM AG EUR 699 0,67 -- --;0.63;0.0;0.0;25.71;IBERCAJA;NOSE
01-09-2024;BOLSAEUROPA;MBG.DE;MERCEDES-BENZ GROUP EUR 589 0,56 -- --;0.63;-0.0006412311638345487;-0.0004039756332157657;62.34;IBERCAJA;NOSE
01-09-2024;BOLSAEUROPA;SREN.SW;SWISS RE CHF 458 0,57 -- --;0.57;-0.004302925989672977;-0.002452667814113597;115.7;IBERCAJA;NOSE
01-09-2024;BOLSAEUROPA;UCG.MI;UNICREDIT SPA EUR 664 0,70 -- --;0.49;0.01287088470396969;0.006306733504945148;37.38;IBERCAJA;NOSE
01-09-2024;BOLSAEUROPA;RMC.BE;REMY COINTREAU EUR 230 0,29 -- --;0.29;0.024322446143154968;0.007053509381514941;73.7;IBERCAJA;NOSE
01-09-2024;BOLSAEUROPA;HEI.DE;HEIDELBERG MAT EUR 86 0,11 -- --;0.11;0.0020951183741881717;0.0002304630211606989;95.66;IBERCAJA;NOSE
01-09-2024;BOLSAINTERNACIONAL;AAPL;APPLE INCORPORATED USD 4.165 6,18 4.344 7,12;5.24;-0.003437921580573533;-0.018014709082205312;229.0;IBERCAJA;NOSE
01-09-2024;BOLSAINTERNACIONAL;MSFT;MICROSOFT USD 1.828 3,86 1.532 3,85;4.95;0.009730828814872148;0.048167602633617135;417.14;IBERCAJA;NOSE
01-09-2024;BOLSAINTERNACIONAL;GOOG;ALPHABET INC USD 1.552 3,28 1.238 3,11;3.35;0.010465116279069816;0.03505813953488388;165.11;IBERCAJA;NOSE
01-09-2024;BOLSAINTERNACIONAL;NVDA;NVIDIA CORP USD 683 1,01 -- --;3.29;0.01513734161068119;0.049801853899141116;119.37;IBERCAJA;NOSE
01-09-2024;BOLSAINTERNACIONAL;AMZN;AMAZON.COM USD 1.318 2,78 666 1,67;2.75;0.03706716244480592;0.10193469672321628;178.5;IBERCAJA;NOSE
01-09-2024;BOLSAINTERNACIONAL;JPM;JPM CHASE USD 779 1,15 406 0,66;2.46;0.01165564106025833;0.028672877008235488;224.8;IBERCAJA;NOSE
01-09-2024;BOLSAINTERNACIONAL;META;META PLATFORMS USD 3.215 3,00 4.733 5,55;2.34;0.005962718536528729;0.013952761375477225;521.31;IBERCAJA;NOSE
01-09-2024;BOLSAINTERNACIONAL;CS.PA;AXA SA EUR 602 0,76 -- --;2.16;0.0029154518950437734;0.006297376093294551;34.4;IBERCAJA;NOSE
01-09-2024;BOLSAINTERNACIONAL;INGA.AS;ING GROEP NV EUR 1.320 1,66 -- --;2.01;0.004780583476342204;0.00960897278744783;16.394;IBERCAJA;NOSE
01-09-2024;BOLSAINTERNACIONAL;ASML.AS;ASM LITHOGRAPHY HOLD EUR 1.368 1,38 -- --;1.87;-0.013365735115431349;-0.024993924665856624;812.0;IBERCAJA;NOSE
01-09-2024;BOLSAINTERNACIONAL;LOR.F;LOREAL EUR 1.350 1,36 -- --;1.87;0.005658953722334004;0.010582243460764588;399.85;IBERCAJA;NOSE
01-09-2024;BOLSAINTERNACIONAL;DTE.DE;DEUTSCHE TELEKOM AG EUR 547 0,81 477 0,78;1.74;0.0;0.0;25.71;IBERCAJA;NOSE
01-09-2024;BOLSAINTERNACIONAL;MA;MASTERCARD INC USD 205 3,18 -- --;1.74;0.005282861896838527;0.009192179700499037;483.34;IBERCAJA;NOSE
01-09-2024;BOLSAINTERNACIONAL;MC.PA;LOUIS VUITTON EUR 568 0,84 511 0,84;1.74;-0.004576321228225602;-0.007962798937112547;674.3;IBERCAJA;NOSE
01-09-2024;BOLSAINTERNACIONAL;NDA-DK.CO;NORDEA BANK SEK 2.065 1,00 -- --;1.74;0.0030241935483870325;0.005262096774193437;79.6;IBERCAJA;NOSE
01-09-2024;BOLSAINTERNACIONAL;NESN.SW;NESTLE CHF 1.000 1,48 390 0,64;1.74;-0.0008781558726673798;-0.0015279912184412408;91.02;IBERCAJA;NOSE
01-09-2024;BOLSAINTERNACIONAL;NOTA.F;NOVARTIS CHF 292 0,43 309 0,51;1.74;0.014285714285714285;0.024857142857142855;106.5;IBERCAJA;NOSE
01-09-2024;BOLSAINTERNACIONAL;V;VISA INC USD 2.204 2,51 2.097 2,35;1.74;0.007473024205307712;0.013003062117235419;276.37;IBERCAJA;NOSE
01-09-2024;BOLSAINTERNACIONAL;PRU.L;PRUDENTIAL GBP 543 0,81 -- --;1.49;-0.0024479804161567057;-0.0036474908200734915;652.0;IBERCAJA;NOSE
01-09-2024;BOLSAINTERNACIONAL;IBE.MC;IBERDROLA EUR 4.599 2,23 742 0,75;1.47;0.006279434850863428;0.009230769230769239;12.82;IBERCAJA;NOSE
01-09-2024;BOLSAINTERNACIONAL;ADBE;ADOBE USD 945 1,19 938 1,24;1.36;0.008391411969172924;0.011412320278075178;574.41;IBERCAJA;NOSE
01-09-2024;BOLSAINTERNACIONAL;AVGO;BROADCOM USD 3.539 1,29 -- --;1.29;0.037532657872936886;0.04841712865608858;162.82;IBERCAJA;NOSE
01-09-2024;BOLSAINTERNACIONAL;LLY;LILLY USD 3.432 1,25 1.290 0,59;1.25;0.021080621144437286;0.026350776430546608;960.02;IBERCAJA;NOSE
01-09-2024;BOLSAINTERNACIONAL;JNJ;JOHNSON_JOHNSON USD 3.408 1,24 1.517 0,70;1.24;0.009925105035620921;0.012307130244169942;165.86;IBERCAJA;NOSE
01-09-2024;BOLSAINTERNACIONAL;UNH;UNITEDHEALTH GROUP USD 888 1,32 -- --;1.22;-0.0023158713254559974;-0.002825363017056317;590.2;IBERCAJA;NOSE
01-09-2024;BOLSAINTERNACIONAL;DIS;WALT DISNEY CO USD 1.673 1,90 1.430 1,60;1.19;0.006346731989756076;0.00755261106780973;90.38;IBERCAJA;NOSE
01-09-2024;BOLSAINTERNACIONAL;FP.VI;TOTAL EUR 503 0,75 446 0,73;1.12;-0.00382653061224493;-0.004285714285714322;62.48;IBERCAJA;NOSE
01-09-2024;BOLSAINTERNACIONAL;PG;PROCTER  GAMBLE USD 3.864 1,51 -- â;1.11;0.008880785743692237;0.009857672175498383;171.54;IBERCAJA;NOSE
01-09-2024;BOLSAINTERNACIONAL;HSBA.L;HSBC HOLDINGS GBP 561 0,64 -- --;1.07;0.008928571428571567;0.009553571428571578;666.7;IBERCAJA;NOSE
01-09-2024;BOLSAINTERNACIONAL;BRK-B;BERKSHIRE HATHAWAY USD 2.908 1,06 -- --;1.06;0.016119734398018684;0.017086918461899806;475.92;IBERCAJA;NOSE
01-09-2024;BOLSAINTERNACIONAL;CRM;SALESFORCE USD 2.860 1,04 3.292 1,52;1.04;-0.01599159565775645;-0.01663125948406671;252.9;IBERCAJA;NOSE
01-09-2024;BOLSAINTERNACIONAL;HD;THE HOME DEPOT INC USD 729 1,08 -- --;1.03;0.003923064349152721;0.004040756279627303;368.5;IBERCAJA;NOSE
01-09-2024;BOLSAINTERNACIONAL;MRK;MERCK  CO INC USD 460 0,68 231 0,38;1.01;0.008428401157841044;0.008512685169419455;118.45;IBERCAJA;NOSE
01-09-2024;BOLSAINTERNACIONAL;CVX;CHEVRON USD 2.702 0,99 -- --;0.99;0.0035951702618369366;0.003559218559218567;147.95;IBERCAJA;NOSE
01-09-2024;BOLSAINTERNACIONAL;AZN.L;ASTRAZENECA GBP 426 0,63 409 0,67;0.98;0.0;0.0;13274.0;IBERCAJA;NOSE
01-09-2024;BOLSAINTERNACIONAL;ABBV;ABBVIE INC USD 2.527 0,92 -- --;0.92;0.005789527615534355;0.005326365406291607;196.31;IBERCAJA;NOSE
01-09-2024;BOLSAINTERNACIONAL;CI;CIGNA USD 1.899 0,69 1.929 0,89;0.89;0.002077217083033291;0.001848723203899629;361.81;IBERCAJA;NOSE
01-09-2024;BOLSAINTERNACIONAL;ALV.DE;ALLIANZ SE EUR 2.420 0,88 -- --;0.88;0.0;0.0;280.9;IBERCAJA;NOSE
01-09-2024;BOLSAINTERNACIONAL;SIE.DE;SIEMENS AG EUR 980 1,45 823 1,35;0.87;-0.0017624250969334471;-0.001533309834332099;169.92;IBERCAJA;NOSE
01-09-2024;BOLSAINTERNACIONAL;PFE;PFIZER USD 803 1,19 783 1,28;0.86;0.010097493036211793;0.008683844011142142;29.01;IBERCAJA;NOSE
01-09-2024;BOLSAINTERNACIONAL;BAC;BANK OF AMERICA USD 561 0,83 422 0,69;0.83;0.014438635797859057;0.011984067712223016;40.75;IBERCAJA;NOSE
01-09-2024;BOLSAINTERNACIONAL;MCD;MCDONALD CORP USD 1.146 1,67 176 0,29;0.83;0.002779128743139065;0.002306676856805424;288.66;IBERCAJA;NOSE
01-09-2024;BOLSAINTERNACIONAL;CSCO;CISCO SYSTEM USD 214 0,45 241 0,60;0.81;0.0029767811073625437;0.0024111926969636608;50.54;IBERCAJA;NOSE
01-09-2024;BOLSAINTERNACIONAL;ISRG;INTUITIVE SURGICAL USD 773 0,97 -- --;0.8;0.011207586674056242;0.008966069339244993;492.63;IBERCAJA;NOSE
01-09-2024;BOLSAINTERNACIONAL;7352.T;SONY GROUP JPY 2.142 0,78 -- --;0.78;-0.0121012101210121;-0.00943894389438944;898.0;IBERCAJA;NOSE
01-09-2024;BOLSAINTERNACIONAL;LRCX;LAM RESEARCH CORP USD 1.015 1,51 773 1,27;0.78;0.029712035318316284;0.023175387548286703;821.01;IBERCAJA;NOSE
01-09-2024;BOLSAINTERNACIONAL;CMCSA;COMCAST CORP USD 692 1,03 -- --;0.77;0.0027876330461226416;0.002146477445514434;39.57;IBERCAJA;NOSE
01-09-2024;BOLSAINTERNACIONAL;KO;COCA COLA USD 1.656 0,76 -- --;0.76;0.005829285218598219;0.004430256766134647;72.47;IBERCAJA;NOSE
01-09-2024;BOLSAINTERNACIONAL;ACN;ACCENTURE PLC USD 236 0,35 214 0,35;0.75;0.005114488110284851;0.0038358660827136383;341.95;IBERCAJA;NOSE
01-09-2024;BOLSAINTERNACIONAL;NKE;NIKE INC USD 340 0,50 347 0,57;0.72;0.0007206341580589486;0.0005188565938024429;83.32;IBERCAJA;NOSE
01-09-2024;BOLSAINTERNACIONAL;T;AT T INC USD 413 0,61 377 0,62;0.72;0.007085020242914828;0.005101214574898676;19.9;IBERCAJA;NOSE
01-09-2024;BOLSAINTERNACIONAL;AMT;AMERICAN TOWER USD 1.956 0,71 -- --;0.71;0.002415891195418719;0.0017152827487472903;224.06;IBERCAJA;NOSE
01-09-2024;BOLSAINTERNACIONAL;IBM;IBM CORP USD 1.926 0,70 -- --;0.7;0.01623931623931619;0.011367521367521331;202.13;IBERCAJA;NOSE
01-09-2024;BOLSAINTERNACIONAL;NEE;NEXTERA ENERGY USD 1.926 0,70 -- --;0.7;0.012513362258693386;0.00875935358108537;80.51;IBERCAJA;NOSE
01-09-2024;BOLSAINTERNACIONAL;SEH.F;SHIN-ETSU CHEMICAL JPY 1.890 0,69 -- --;0.69;-0.005571030640668494;-0.003844011142061261;39.27;IBERCAJA;NOSE
01-09-2024;BOLSAINTERNACIONAL;LIN.DE;LINDE PLC USD 1.860 0,68 -- --;0.68;0.001403837154890086;0.0009546092653252585;428.0;IBERCAJA;NOSE
01-09-2024;BOLSAINTERNACIONAL;RKT.L;RECKITT BENCKISER GBP 1.873 0,68 1.376 0,63;0.68;0.006222631942843973;0.004231389721133902;4366.0;IBERCAJA;NOSE
01-09-2024;BOLSAINTERNACIONAL;PEP;PEPSICO INC USD 1.019 0,47 -- --;0.67;0.004590621186588367;0.0030757161950142058;172.88;IBERCAJA;NOSE
01-09-2024;BOLSAINTERNACIONAL;QCI.HA;QUALCOMM USD 1.834 0,67 -- --;0.67;-0.007780612244897951;-0.005213010204081627;155.58;IBERCAJA;NOSE
01-09-2024;BOLSAINTERNACIONAL;EL.PA;ESSILORLUXOTTICA EUR 666 0,99 412 0,67;0.66;-0.005571030640668603;-0.003676880222841278;214.2;IBERCAJA;NOSE
01-09-2024;BOLSAINTERNACIONAL;SHELL.AS;SHELL PLC EUR 621 0,71 -- --;0.65;-0.012913143735588063;-0.008393543428132241;32.105;IBERCAJA;NOSE
01-09-2024;BOLSAINTERNACIONAL;EON.BD;EON SE EUR 1.737 0,84 641 0,65;0.61;0.0;0.0;4905.0;IBERCAJA;NOSE
01-09-2024;BOLSAINTERNACIONAL;NESTE.HE;NESTE OYJ EUR 606 0,69 -- --;0.59;-0.031593406593406655;-0.018640109890109925;21.15;IBERCAJA;NOSE
01-09-2024;BOLSAINTERNACIONAL;6861.T;KEYENCE CORP JPY 1.588 0,58 -- --;0.58;-0.012764146929513545;-0.007403205219117855;69610.0;IBERCAJA;NOSE
01-09-2024;BOLSAINTERNACIONAL;CAP.PA;CAPGEMINI EUR 726 1,08 634 1,04;0.55;0.008064516129032258;0.004435483870967742;187.5;IBERCAJA;NOSE
01-09-2024;BOLSAINTERNACIONAL;TSM;TAIWAN SEMICONDUCTOR USD 1.311 1,94 -- --;0.55;0.01507537688442201;0.008291457286432106;171.7;IBERCAJA;NOSE
01-09-2024;BOLSAINTERNACIONAL;BLK;BLACKROCK INC USD 1.471 0,54 -- --;0.54;0.007755316414674691;0.004187870863924334;901.81;IBERCAJA;NOSE
01-09-2024;BOLSAINTERNACIONAL;SU.PA;SCHNEIDER EUR 1.454 0,53 -- --;0.53;-0.0030381944444445182;-0.0016102430555555948;229.7;IBERCAJA;NOSE
01-09-2024;BOLSAINTERNACIONAL;HIA1.MU;HITACHI JPY 1.430 0,52 -- --;0.52;0.021335807050092807;0.01109461966604826;22.02;IBERCAJA;NOSE
01-09-2024;BOLSAINTERNACIONAL;GE;GEN ELEC CO USD 1.387 0,51 -- --;0.51;0.0059914736720819905;0.0030556515727618153;174.62;IBERCAJA;NOSE
01-09-2024;BOLSAINTERNACIONAL;HDM.DU;HONDA MOTOR JPY 1.405 0,51 -- --;0.51;-0.0073126142595979025;-0.0037294332723949303;9.774;IBERCAJA;NOSE
01-09-2024;BOLSAINTERNACIONAL;KER.PA;KERING EUR 3.329 1,82 735 0,74;0.51;0.0025159667118249554;0.0012831430230307273;259.0;IBERCAJA;NOSE
01-09-2024;BOLSAINTERNACIONAL;ADS.DE;ADIDAS EUR 759 0,76 -- -;0.5;0.001727115716753047;0.0008635578583765235;232.0;IBERCAJA;NOSE
01-09-2024;BOLSAINTERNACIONAL;HEIA.AS;HEINEKEN NV EUR 942 0,43 -- --;0.5;-0.006827603023652796;-0.003413801511826398;81.46;IBERCAJA;NOSE
01-09-2024;BOLSAINTERNACIONAL;EL;ESTEE LAUDER USD 607 0,61 -- --;0.36;0.01946390835279724;0.007007007007007007;91.66;IBERCAJA;NOSE
01-09-2024;BOLSAUSA;AAPL;APPLE INCORPORATED USD 2.461 7,74 1.741 5,89;6.74;-0.003437921580573533;-0.02317159145306561;229.0;IBERCAJA;NOSE
01-09-2024;BOLSAUSA;MSFT;MICROSOFT USD 1.336 4,20 1.178 3,99;6.62;0.009730828814872148;0.06441808675445362;417.14;IBERCAJA;NOSE
01-09-2024;BOLSAUSA;GOOG;ALPHABET INC USD 2.265 7,12 2.095 7,09;6.29;0.010465116279069816;0.06582558139534914;165.11;IBERCAJA;NOSE
01-09-2024;BOLSAUSA;NVDA;NVIDIA CORP USD 2.637 2,23 -- --;6.05;0.01513734161068119;0.0915809167446212;119.37;IBERCAJA;NOSE
01-09-2024;BOLSAUSA;AMZN;AMAZON.COM USD 791 1,15 800 1,31;4.04;0.03706716244480592;0.14975133627701592;178.5;IBERCAJA;NOSE
01-09-2024;BOLSAUSA;META;META PLATFORMS USD 3.215 3,00 4.733 5,55;3.14;0.005962718536528729;0.01872293620470021;521.31;IBERCAJA;NOSE
01-09-2024;BOLSAUSA;BRK-B;BERKSHIRE HATHAWAY USD 2.843 2,35 2.719 2,30;2.18;0.016119734398018684;0.03514102098768073;475.92;IBERCAJA;NOSE
01-09-2024;BOLSAUSA;MRK;MERCK_CO INC USD 1.512 2,20 1.540 2,52;1.96;0.008428401157841044;0.016519666269368447;118.45;IBERCAJA;NOSE
01-09-2024;BOLSAUSA;MA;MASTERCARD INC USD 205 3,18 -- --;1.88;0.005282861896838527;0.00993178036605643;483.34;IBERCAJA;NOSE
01-09-2024;BOLSAUSA;JPM;JPM CHASE USD 649 0,95 520 0,85;1.82;0.01165564106025833;0.02121326672967016;224.8;IBERCAJA;NOSE
01-09-2024;BOLSAUSA;V;VISA INC USD 1.690 1,62 1.715 2,01;1.74;0.007473024205307712;0.013003062117235419;276.37;IBERCAJA;NOSE
01-09-2024;BOLSAUSA;GS;GOLDMAN SACHS USD 1.324 1,93 1.025 1,68;1.67;0.0062117925458489;0.010373693551567663;510.25;IBERCAJA;NOSE
01-09-2024;BOLSAUSA;JNJ;JOHNSON  JOHNSON USD 1.121 1,63 1.031 1,68;1.67;0.009925105035620921;0.016574925409486938;165.86;IBERCAJA;NOSE
01-09-2024;BOLSAUSA;NEE;NEXTERA ENERGY USD 2.733 2,47 -- --;1.67;0.012513362258693386;0.020897314972017956;80.51;IBERCAJA;NOSE
01-09-2024;BOLSAUSA;PFE;PFIZER USD 1.101 3,46 1.258 4,25;1.67;0.010097493036211793;0.016862813370473694;29.01;IBERCAJA;NOSE
01-09-2024;BOLSAUSA;TSLA;TESLA MOTORS INC USD 740 1,36 -- --;1.67;0.037958115183246134;0.06339005235602105;214.11;IBERCAJA;NOSE
01-09-2024;BOLSAUSA;UNH;UNITEDHEALTH GROUP USD 2.098 1,74 1.146 0,97;1.67;-0.0023158713254559974;-0.0038675051135115155;590.2;IBERCAJA;NOSE
01-09-2024;BOLSAUSA;CRM;SALESFORCE.COM USD 1.445 2,10 1.457 2,38;1.58;-0.01599159565775645;-0.025266721139255193;252.9;IBERCAJA;NOSE
01-09-2024;BOLSAUSA;AVGO;BROADCOM USD 1.832 1,52 -- --;1.52;0.037532657872936886;0.05704963996686407;162.82;IBERCAJA;NOSE
01-09-2024;BOLSAUSA;HD;THE HOME DEPOT INC USD 1.789 1,48 570 0,48;1.48;0.003923064349152721;0.005806135236746027;368.5;IBERCAJA;NOSE
01-09-2024;BOLSAUSA;GM;GENERAL MOTORS USD 392 0,57 273 0,45;1.43;0.006266424095411407;0.008960986456438311;49.78;IBERCAJA;NOSE
01-09-2024;BOLSAUSA;KTF.F;MONDELEZ INTERNATION USD 328 0,27 1.672 1,41;1.41;0.016465422612513565;0.023216245883644123;64.82;IBERCAJA;NOSE
01-09-2024;BOLSAUSA;LLY;LILLY USD 319 0,46 276 0,45;1.35;0.021080621144437286;0.028458838544990338;960.02;IBERCAJA;NOSE
01-09-2024;BOLSAUSA;PCE1.SG;BOOKING HOLDINGS USD 1.607 1,33 619 0,52;1.33;0.0037100456621004564;0.004934360730593607;3517.0;IBERCAJA;NOSE
01-09-2024;BOLSAUSA;PG;PROCTER  GAMBLE USD 3.864 1,51 -- â;1.28;0.008880785743692237;0.011367405751926064;171.54;IBERCAJA;NOSE
01-09-2024;BOLSAUSA;KO;COCA COLA USD 1.034 1,51 359 0,59;1.19;0.005829285218598219;0.006936849410131881;72.47;IBERCAJA;NOSE
01-09-2024;BOLSAUSA;NKE;NIKE INC USD 453 0,66 463 0,76;1.18;0.0007206341580589486;0.0008503483065095593;83.32;IBERCAJA;NOSE
01-09-2024;BOLSAUSA;ABBV;ABBVIE INC USD 646 0,94 614 1,00;1.16;0.005789527615534355;0.006715852034019852;196.31;IBERCAJA;NOSE
01-09-2024;BOLSAUSA;CVX;CHEVRON USD 288 0,24 -- --;1.12;0.0035951702618369366;0.004026590693257369;147.95;IBERCAJA;NOSE
01-09-2024;BOLSAUSA;QCOM;QUALCOMM USD 1.130 1,65 1.247 2,04;1.08;0.034279308513776634;0.03702165319487877;175.3;IBERCAJA;NOSE
01-09-2024;BOLSAUSA;COST;COSTCO WHOLESALE USD 1.196 0,99 -- --;0.99;0.006485230592242536;0.006420378286320111;892.38;IBERCAJA;NOSE
01-09-2024;BOLSAUSA;PEP;PEPSICO INC USD 362 0,53 364 0,59;0.99;0.004590621186588367;0.004544714974722483;172.88;IBERCAJA;NOSE
01-09-2024;BOLSAUSA;ABT;ABBOTT LABORATORIES USD 1.175 1,71 1.031 1,68;0.95;0.004522880454061643;0.004296736431358561;113.27;IBERCAJA;NOSE
01-09-2024;BOLSAUSA;PYPL;PAYPAL HOLDINGS INC USD 1.035 1,51 959 1,57;0.92;-0.009978130125751638;-0.009179879715691508;72.43;IBERCAJA;NOSE
01-09-2024;BOLSAUSA;CVS;CVS USD 1.924 2,80 1.677 2,74;0.89;0.00473933649289105;0.004218009478673035;57.24;IBERCAJA;NOSE
01-09-2024;BOLSAUSA;MCD;MCDONALD CORP USD 1.146 1,67 176 0,29;0.89;0.002779128743139065;0.002473424581393768;288.66;IBERCAJA;NOSE
01-09-2024;BOLSAUSA;WMT;WALMART USD 289 0,42 295 0,48;0.89;0.010599319549856089;0.009433394399371919;77.23;IBERCAJA;NOSE
01-09-2024;BOLSAUSA;TN8.F;THERMO FISHER USD 1.058 0,87 -- --;0.87;-0.0017988846914912754;-0.0015650296815974097;554.9;IBERCAJA;NOSE
01-09-2024;BOLSAUSA;ACN;ACCENTURE PLC USD 282 0,89 244 0,82;0.81;0.005114488110284851;0.00414273536933073;341.95;IBERCAJA;NOSE
01-09-2024;BOLSAUSA;CSCO;CISCO SYSTEM USD 1.984 2,89 1.648 2,69;0.8;0.0029767811073625437;0.002381424885890035;50.54;IBERCAJA;NOSE
01-09-2024;BOLSAUSA;ADBE;ADOBE USD 919 0,76 -- --;0.76;0.008391411969172924;0.0063774730965714226;574.41;IBERCAJA;NOSE
01-09-2024;BOLSAUSA;WFC;WELLS FARGO USD 892 0,74 -- --;0.74;0.019529206625980775;0.014451612903225773;58.47;IBERCAJA;NOSE
01-09-2024;BOLSAUSA;NFLX;NETFLIX USD 882 0,73 -- --;0.73;0.012809034195933463;0.009350594963031427;701.35;IBERCAJA;NOSE
01-09-2024;BOLSAUSA;TXN;TEXAS INSTRUMENTS USD 849 0,70 -- --;0.7;0.015396276469752238;0.010777393528826566;214.34;IBERCAJA;NOSE
01-09-2024;BOLSAUSA;BAC;BANK OF AMERICA USD 891 1,30 670 1,09;0.68;0.014438635797859057;0.009818272342544159;40.75;IBERCAJA;NOSE
01-09-2024;BOLSAUSA;CMCS.VI;COMCAST CORP USD 794 0,66 -- --;0.66;-0.014045334445834945;-0.009269920734251064;35.45;IBERCAJA;NOSE
01-09-2024;BOLSAUSA;PWR;QUANTA SERVICES USD 720 0,61 -- --;0.65;0.015052573325954562;0.009784172661870465;275.13;IBERCAJA;NOSE
01-09-2024;BOLSAUSA;DHR;DANAHER CORP USD 775 0,64 -- --;0.64;0.00857613661897993;0.005488727436147155;269.31;IBERCAJA;NOSE
01-09-2024;BOLSAUSA;ORCL;ORACLE CORP USD 778 1,13 159 0,26;0.6;0.013412709797733501;0.008047625878640101;141.29;IBERCAJA;NOSE
01-09-2024;BOLSAUSA;INTC;INTEL CORP USD 709 1,03 530 0,87;0.58;0.09488325881768506;0.05503229011425733;22.04;IBERCAJA;NOSE
01-09-2024;BOLSAUSA;CAT;CATERPILLAR INC USD 198 0,29 149 0,24;0.55;0.012683426231373099;0.006975884427255205;356.1;IBERCAJA;NOSE
01-09-2024;BOLSAUSA;BMY;BRISTOL-MYRS SQUIBB USD 651 0,54 821 0,69;0.54;0.0046259050683830245;0.0024979887369268334;49.95;IBERCAJA;NOSE
01-09-2024;BOLSAUSA;UNP.F;UNION PACIFIC CORP USD 645 0,53 -- --;0.53;0.009269476936658548;0.00491282277642903;228.65;IBERCAJA;NOSE
01-09-2024;BOLSAUSA;AMG.F;AMGEN USD 626 0,52 -- --;0.52;-0.0008308408109006315;-0.0004320372216683284;300.65;IBERCAJA;NOSE
01-09-2024;BOLSAUSA;COP;CONOCO USD 2.088 2,01 1.713 1,64;0.52;-0.005071259945789964;-0.0026370551718107814;113.79;IBERCAJA;NOSE
01-09-2024;BOLSAUSA;MS-PF;MORGAN STANLEY USD 634 0,52 -- --;0.52;0.0015829046299960091;0.0008231104075979248;25.31;IBERCAJA;NOSE
01-09-2024;BOLSAUSA;UPS;UNITED PARCEL USD 612 0,51 -- --;0.51;0.012364151834934693;0.006305717435816693;128.55;IBERCAJA;NOSE
01-09-2024;BOLSAUSA;T;AT_T INC USD 1.239 1,80 1.130 1,85;0.47;0.007085020242914828;0.003329959514169969;19.9;IBERCAJA;NOSE
01-09-2024;BOLSAUSA;AXP.VI;AMERICAN EXPRESS USD 543 0,45 -- --;0.45;-0.011291009799744258;-0.005080954409884916;232.05;IBERCAJA;NOSE
01-09-2024;BOLSAUSA;DE;DEERE_CO USD 543 0,45 -- --;0.45;0.010266617778010623;0.004619978000104781;385.74;IBERCAJA;NOSE
01-09-2024;BOLSAUSA;VZ;VERIZON USD 297 0,43 289 0,47;0.45;0.012848484848484876;0.005781818181818194;41.78;IBERCAJA;NOSE
01-09-2024;BOLSAUSA;DIS;WALT DISNEY CO USD 1.022 1,49 964 1,57;0.44;0.006346731989756076;0.0027925620754926735;90.38;IBERCAJA;NOSE
01-09-2024;BOLSAUSA;BLK;BLACKROCK INC USD 3.776 3,62 -- --;0.43;0.007755316414674691;0.0033347860583101173;901.81;IBERCAJA;NOSE
01-09-2024;BOLSAUSA;SBUX;STARBUCKS USD 279 0,41 263 0,43;0.43;-0.0030571368332279808;-0.0013145688382880318;94.57;IBERCAJA;NOSE
01-09-2024;BOLSAUSA;COLG.VI;COLGATE- PALMOLIVE C USD 498 0,41 -- --;0.41;0.0019859935193895445;0.0008142573429497132;95.86;IBERCAJA;NOSE
01-09-2024;BOLSAUSA;AMT;AMERICAN TOWER USD 489 0,40 267 0,23;0.4;0.002415891195418719;0.0009663564781674876;224.06;IBERCAJA;NOSE
01-09-2024;BOLSAUSA;GILD;GILEAD SCIENCES USD 477 0,39 -- --;0.39;-0.005663939584644466;-0.002208936438011342;79.0;IBERCAJA;NOSE
01-09-2024;BOLSAUSA;C;CITIGROUP USD 615 0,90 501 0,82;0.38;0.012281835811247543;0.004667097608274066;62.64;IBERCAJA;NOSE
01-09-2024;BOLSAUSA;IBM;IBM CORP USD 454 0,66 412 0,67;0.37;0.01623931623931619;0.00600854700854699;202.13;IBERCAJA;NOSE
01-09-2024;BOLSAUSA;MMM;3M CO USD 1.232 1,79 501 0,82;0.37;0.013392521254984585;0.004955232864344296;134.69;IBERCAJA;NOSE
01-09-2024;BOLSAUSA;SCHW;SCHWAB CORP USD 436 0,36 -- --;0.36;0.0026182042199289616;0.0009425535191744262;65.1;IBERCAJA;NOSE
01-09-2024;BOLSAUSA;GE;GEN ELEC CO USD 405 0,33 352 0,30;0.33;0.0059914736720819905;0.001977186311787057;174.62;IBERCAJA;NOSE
01-09-2024;BOLSAUSA;TM5.MU;T-MOBILE US USD 392 0,32 -- --;0.32;-0.006387665198237867;-0.0020440528634361175;180.44;IBERCAJA;NOSE
01-09-2024;BOLSAUSA;EMR.F;EMERSON ELECTRIC USD 220 0,18 -- --;0.18;0.014166130070830577;0.0025499034127495035;94.5;IBERCAJA;NOSE
01-09-2024;BOLSAUSA;MET;METLIFE USD 155 0,23 115 0,19;0.15;0.009774534080542161;0.0014661801120813241;77.48;IBERCAJA;NOSE
01-09-2024;BOLSAUSA;EXC;EXELON CORP USD 1.615 1,46 1.729 1,66;0.13;0.0015777018143571463;0.00020510123586642902;38.09;IBERCAJA;NOSE
01-09-2024;BOLSAUSA;EL;ESTEE LAUDER USD 248 0,36 218 0,36;0.11;0.01946390835279724;0.0021410299188076966;91.66;IBERCAJA;NOSE
01-09-2024;DIVIDENDO;CS.PA;AXA SA EUR 8.085 4,43 8.131 4,47;2.88;0.0029154518950437734;0.008396501457726068;34.4;IBERCAJA;NOSE
01-09-2024;DIVIDENDO;KO;COCA COLA USD 2.674 0,94 -- --;2.83;0.005829285218598219;0.016496877168632962;72.47;IBERCAJA;NOSE
01-09-2024;DIVIDENDO;AVGO;BROADCOM USD 5.436 2,12 5.561 2,28;2.82;0.037532657872936886;0.10584209520168202;162.82;IBERCAJA;NOSE
01-09-2024;DIVIDENDO;AMUN.PA;AMUNDI S.A. EUR 89 1,12 200 3,11;2.72;0.005917159763313694;0.01609467455621325;68.0;IBERCAJA;NOSE
01-09-2024;DIVIDENDO;FP.VI;TOTAL EUR 7.006 3,84 6.031 3,32;2.67;-0.00382653061224493;-0.010216836734693962;62.48;IBERCAJA;NOSE
01-09-2024;DIVIDENDO;UPM.HE;UPM-KYMMENE EUR 4.556 2,84 7.579 4,45;2.54;0.009574116870254182;0.024318256850445624;30.58;IBERCAJA;NOSE
01-09-2024;DIVIDENDO;NG.L;NATIONAL GBP 3.516 2,19 3.324 1,95;2.53;0.0070592981040742235;0.017860024203307782;998.6;IBERCAJA;NOSE
01-09-2024;DIVIDENDO;MDT;Medtronic PLC USD;2.49;0.004422270098650647;0.011011452545640113;88.58;IBERCAJA;NOSE
01-09-2024;DIVIDENDO;PEP;PEPSICO INC USD 4.824 3,01 -- --;2.48;0.004590621186588367;0.01138474054273915;172.88;IBERCAJA;NOSE
01-09-2024;DIVIDENDO;VZ;VERIZON USD 8.011 2,33 -- --;2.48;0.012848484848484876;0.031864242424242496;41.78;IBERCAJA;NOSE
01-09-2024;DIVIDENDO;QCI.F;QUALCOMM USD 5.503 1,67 -- --;2.46;0.024061723551719674;0.059191839937230394;156.62;IBERCAJA;NOSE
01-09-2024;DIVIDENDO;ALV.DE;ALLIANZ SE EUR 6.770 3,71 7.420 4,08;2.35;0.0;0.0;280.9;IBERCAJA;NOSE
01-09-2024;DIVIDENDO;EOAN.DE;EON SE EUR 2.977 1,86 2.719 1,60;2.35;0.008661417322834741;0.020354330708661644;12.81;IBERCAJA;NOSE
01-09-2024;DIVIDENDO;IBE.MC;IBERDROLA EUR 7.528 4,13 7.188 3,96;2.35;0.006279434850863428;0.014756671899529056;12.82;IBERCAJA;NOSE
01-09-2024;DIVIDENDO;JNJ;JOHNSON  JOHNSON USD 1.121 1,63 1.031 1,70;2.35;0.009925105035620921;0.023323996833709167;165.86;IBERCAJA;NOSE
01-09-2024;DIVIDENDO;MRK;MERCK_CO INC USD 6.302 3,16 6.066 3,50;2.35;0.008428401157841044;0.019806742720926456;118.45;IBERCAJA;NOSE
01-09-2024;DIVIDENDO;MUV2.HA;MUENCHENER RUECKVER EUR 8.440 2,57 7.731 2,25;2.35;0.000614754098360679;0.0014446721311475957;488.3;IBERCAJA;NOSE
01-09-2024;DIVIDENDO;REP.MC;REPSOL SA EUR 6.257 2,44 7.447 3,06;2.35;0.0016083634901487393;0.0037796542018495374;12.455;IBERCAJA;NOSE
01-09-2024;DIVIDENDO;ROG.SW;ROCHE HOLDINGS CHF 2.543 1,39 2.177 1,20;2.35;0.006306937631394574;0.01482130343377725;287.2;IBERCAJA;NOSE
01-09-2024;DIVIDENDO;SAN.PA;SANOFI SA EUR 8.308 4,56 7.895 4,34;2.35;-0.002365930599369035;-0.0055599369085172325;101.2;IBERCAJA;NOSE
01-09-2024;DIVIDENDO;T;AT_T INC USD 7.603 2,21 6.363 2,23;2.35;0.007085020242914828;0.016649797570849847;19.9;IBERCAJA;NOSE
01-09-2024;DIVIDENDO;BMY;BRISTOL-MYRS SQUIBB USD 7.437 2,26 9.379 2,73;2.26;0.0046259050683830245;0.010454545454545635;49.95;IBERCAJA;NOSE
01-09-2024;DIVIDENDO;NESN.SW;NESTLE CHF 7.710 2,24 -- --;2.23;-0.0008781558726673798;-0.001958287596048257;91.02;IBERCAJA;NOSE
01-09-2024;DIVIDENDO;NOTA.F;NOVARTIS CHF 4.228 2,32 -- --;2.22;0.014285714285714285;0.031714285714285716;106.5;IBERCAJA;NOSE
01-09-2024;DIVIDENDO;NDA-SE.ST;NORDEA BANK SEK 5.712 2,00 3.022 1,24;2.19;0.005809128630705418;0.012721991701244864;121.2;IBERCAJA;NOSE
01-09-2024;DIVIDENDO;VIE.PA;VEOLIA ENVIRONNEMENT EUR 7.150 2,08 5.928 2,0;2.15;0.005372733378106116;0.01155137676292815;29.94;IBERCAJA;NOSE
01-09-2024;DIVIDENDO;ABBV;ABBVIE INC USD 6.720 2,76 6.550 3,78;2.14;0.005789527615534355;0.012389589097243522;196.31;IBERCAJA;NOSE
01-09-2024;DIVIDENDO;CME;CME GROUP USD 4.179 2,61 -- --;2.12;0.007659971975712354;0.01623914058851019;215.74;IBERCAJA;NOSE
01-09-2024;DIVIDENDO;DTE.DE;DEUTSCHE TELEKOM AG EUR 4.550 2,84 3.963 2,32;2.12;0.0;0.0;25.71;IBERCAJA;NOSE
01-09-2024;DIVIDENDO;EDP.LS;ENERGIAS DE PORTUGAL EUR 3.226 2,01 3.416 2,00;2.03;0.010918774966711032;0.022165113182423393;3.796;IBERCAJA;NOSE
01-09-2024;DIVIDENDO;SYY.BE;SYSCO CORPORATION USD 6.625 2,02 5.101 1,48;2.02;0.00584795321637422;0.011812865497075924;70.52;IBERCAJA;NOSE
01-09-2024;DIVIDENDO;RKT.L;RECKITT BENCKISER GBP 5.185 2,60 5.661 3,27;2.01;0.006222631942843973;0.012507490205116385;4366.0;IBERCAJA;NOSE
01-09-2024;DIVIDENDO;G14.MU;SIGNIFY NV EUR 8.368 2,55 7.085 2,06;2.0;0.001833180568285937;0.003666361136571874;21.86;IBERCAJA;NOSE
01-09-2024;DIVIDENDO;DRI;DARDEN RESTAURANTS USD 3.360 1,18 -- --;1.99;0.008931419457735283;0.017773524720893212;158.15;IBERCAJA;NOSE
01-09-2024;DIVIDENDO;PG;PROCTER  GAMBLE USD 3.864 1,51 -- â;1.7;0.008880785743692237;0.015097335764276801;171.54;IBERCAJA;NOSE
01-09-2024;DIVIDENDO;ENL.DE;ENEL SPA EUR 5.048 1,54 -- --;1.54;0.003067036658390522;0.004723236453921404;6.868;IBERCAJA;NOSE
01-09-2024;DIVIDENDO;CSCO;CISCO SYSTEM USD 5.034 1,53 -- --;1.53;0.0029767811073625437;0.004554475094264692;50.54;IBERCAJA;NOSE
01-09-2024;DIVIDENDO;DG.PA;VINCI SA EUR 2.687 1,10 -- --;1.44;0.005111524163568879;0.0073605947955391856;108.15;IBERCAJA;NOSE
01-09-2024;DIVIDENDO;RIO.L;RIO TINTO PLC GBP 1.956 1,19 1.833 1,15;1.44;-0.005213764337851929;-0.007507820646506777;4770.0;IBERCAJA;NOSE
01-09-2024;DIVIDENDO;KPN.AS;KONINKLIJKE KPN EUR 4.515 2,82 3.880 2,28;1.39;0.002442996742670982;0.0033957654723126645;3.693;IBERCAJA;NOSE
01-09-2024;DIVIDENDO;7203.T;TOYOTA MOTOR JPY 4.386 1,34 3.890 1,13;1.34;0.014335600073515899;0.019209704098511304;2759.5;IBERCAJA;NOSE
01-09-2024;DIVIDENDO;G.MI;ASSICURAZIONI GENERA EUR 3.753 2,34 3.137 1,84;1.28;0.0016103059581320108;0.0020611916264089737;24.88;IBERCAJA;NOSE
01-09-2024;DIVIDENDO;VOD.L;VODAFONE GROUP GBP 4.801 3,00 4.187 2,46;0.34;0.004860923575479333;0.0016527140156629733;74.42;IBERCAJA;NOSE
01-09-2024;FINANCIERO;JPM;JPM CHASE USD 1.885 8,07 1.983 7,38;6.89;0.01165564106025833;0.08030736690517988;224.8;IBERCAJA;NOSE
01-09-2024;FINANCIERO;V;VISA INC USD 676 5,68 496 5,73;5.05;0.007473024205307712;0.03773877223680394;276.37;IBERCAJA;NOSE
01-09-2024;FINANCIERO;MA;MASTERCARD INC USD 205 3,18 -- --;4.89;0.005282861896838527;0.025833194675540395;483.34;IBERCAJA;NOSE
01-09-2024;FINANCIERO;INGA.AS;ING GROEP NV EUR 1.706 7,31 1.628 6,06;3.86;0.004780583476342204;0.018453052218680908;16.394;IBERCAJA;NOSE
01-09-2024;FINANCIERO;BAC;BANK OF AMERICA USD 1.850 7,92 1.630 6,06;3.5;0.014438635797859057;0.050535225292506696;40.75;IBERCAJA;NOSE
01-09-2024;FINANCIERO;AXP;AMERICAN EXPRESS USD 291 2,45 -- --;3.36;-0.004579741379310337;-0.01538793103448273;258.65;IBERCAJA;NOSE
01-09-2024;FINANCIERO;CS.PA;AXA SA EUR 324 4,10 276 4,29;3.27;0.0029154518950437734;0.009533527696793139;34.4;IBERCAJA;NOSE
01-09-2024;FINANCIERO;BLK;BLACKROCK INC USD 129 1,63 -- --;3.23;0.007755316414674691;0.02504967201939925;901.81;IBERCAJA;NOSE
01-09-2024;FINANCIERO;GS;GOLDMAN SACHS USD 167 2,12 130 2,01;3.2;0.0062117925458489;0.01987773614671648;510.25;IBERCAJA;NOSE
01-09-2024;FINANCIERO;MS;MORGAN STANLEY USD 99 1,26 -- --;3.19;0.009844054580896737;0.03140253411306059;103.61;IBERCAJA;NOSE
01-09-2024;FINANCIERO;WFC;WELLS FARGO USD 150 1,90 -- --;3.09;0.019529206625980775;0.06034524847428059;58.47;IBERCAJA;NOSE
01-09-2024;FINANCIERO;ALV.DE;ALLIANZ SE EUR 1.070 4,58 1.781 6,62;3.01;0.0;0.0;280.9;IBERCAJA;NOSE
01-09-2024;FINANCIERO;BNP.PA;BNP PARIBAS EUR 61 0,74 58 0,69;2.85;0.007567219449364013;0.021566575430687438;62.58;IBERCAJA;NOSE
01-09-2024;FINANCIERO;GCO.MC;CATALANA OCCIDENTE S EUR 234 2,96 201 3,12;2.85;0.006305170239596469;0.017969735182849937;39.9;IBERCAJA;NOSE
01-09-2024;FINANCIERO;NDA-SE.ST;NORDEA BANK SEK 100 1,21 85 1,00;2.85;0.005809128630705418;0.01655601659751044;121.2;IBERCAJA;NOSE
01-09-2024;FINANCIERO;HSBA.L;HSBC HOLDINGS GBP 68 0,82 73 0,86;2.58;0.008928571428571567;0.02303571428571464;666.7;IBERCAJA;NOSE
01-09-2024;FINANCIERO;RYC.DU;ROYAL BK CANADA USD 276 2,38 277 2,33;2.54;0.0020457504184489385;0.005196206062860304;107.76;IBERCAJA;NOSE
01-09-2024;FINANCIERO;A5G.IR;AIB GROUP EUR 250 1,89 -- --;2.33;0.01870907390084201;0.04359214218896188;5.445;IBERCAJA;NOSE
01-09-2024;FINANCIERO;MCO;MOODY`S CORP USD 64 0,81 -- --;2.29;0.009688237486026595;0.0221860638430009;487.74;IBERCAJA;NOSE
01-09-2024;FINANCIERO;ZURN.SW;ZURICH INSURANCE CHF 365 1,57 919 3,42;2.28;-0.002436053593179142;-0.005554202192448444;491.4;IBERCAJA;NOSE
01-09-2024;FINANCIERO;SPGI;S_P GLOBAL USD 183 2,22 173 2,04;2.22;0.010215529967522877;0.02267847652790079;513.24;IBERCAJA;NOSE
01-09-2024;FINANCIERO;PRU.L;PRUDENTIAL GBP 835 3,58 934 3,48;2.18;-0.0024479804161567057;-0.005336597307221619;652.0;IBERCAJA;NOSE
01-09-2024;FINANCIERO;DNB.OL;DNB ASA NOK 54 0,69 -- --;2.17;0.0008932559178204048;0.0019383653416702783;224.1;IBERCAJA;NOSE
01-09-2024;FINANCIERO;AGN.AS;AEGON EUR 132 1,52 -- --;2.14;-0.00216763005780339;-0.004638728323699255;5.524;IBERCAJA;NOSE
01-09-2024;FINANCIERO;DB1.DE;DEUTSCHE BOERSE AG EUR 213 2,69 209 3,25;1.9;-0.0004926108374383956;-0.0009359605911329516;202.9;IBERCAJA;NOSE
01-09-2024;FINANCIERO;UBS;UBS GROUP AG CHF 79 1,00 69 1,08;1.82;-0.0009743423189346406;-0.001773303020461046;30.76;IBERCAJA;NOSE
01-09-2024;FINANCIERO;G.MI;ASSICURAZIONI GENERA EUR 68 0,86 86 1,33;1.77;0.0016103059581320108;0.002850241545893659;24.88;IBERCAJA;NOSE
01-09-2024;FINANCIERO;CB;CHUBB USD 155 1,15 -- --;1.71;0.007801971771047551;0.013341371728491312;284.18;IBERCAJA;NOSE
01-09-2024;FINANCIERO;GLE.PA;SOCIETE GENERALE SA EUR 65 0,79 60 0,70;1.56;0.00784856879039696;0.012243767313019257;21.83;IBERCAJA;NOSE
01-09-2024;FINANCIERO;ADM.L;ADMIRAL GROUP GBP 76 0,66 -- --;1.29;-0.0013689253935660506;-0.0017659137577002053;2918.0;IBERCAJA;NOSE
01-09-2024;FINANCIERO;C;CITIGROUP USD 1.177 5,04 1.017 3,78;1.29;0.012281835811247543;0.015843568196509332;62.64;IBERCAJA;NOSE
01-09-2024;FINANCIERO;AMUN.PA;AMUNDI S.A. EUR 89 1,12 200 3,11;1.14;0.005917159763313694;0.006745562130177611;68.0;IBERCAJA;NOSE
01-09-2024;FINANCIERO;AAGIY;AIA GROUP USD 63 0,48 -- --;0.99;-0.000352112676056268;-0.0003485915492957053;28.39;IBERCAJA;NOSE
01-09-2024;FINANCIERO;IESJ.F;INTESA SANPAOLO EUR 106 0,98 144 1,09;0.98;0.0;0.0;22.0;IBERCAJA;NOSE
01-09-2024;FINANCIERO;LSEG.L;LONDON STOCK EXCHANG GBP 75 0,69 -- --;0.69;0.0019550342130987292;0.0013489736070381232;10250.0;IBERCAJA;NOSE
01-09-2024;GLOBAL;MSFT;MICROSOFT USD 10.983 2,82 9.203 2,65;3.95;0.009730828814872148;0.03843677381874498;417.14;IBERCAJA;NOSE
01-09-2024;GLOBAL;NVDA;NVIDIA CORP USD 12.145 1,94 -- --;3.7;0.01513734161068119;0.05600816395952041;119.37;IBERCAJA;NOSE
01-09-2024;GLOBAL;GOOG;ALPHABET INC USD 11.150 2,86 8.892 2,56;3.26;0.010465116279069816;0.0341162790697676;165.11;IBERCAJA;NOSE
01-09-2024;GLOBAL;V;VISA INC USD 4.021 1,03 3.664 1,06;2.94;0.007473024205307712;0.021970691163604672;276.37;IBERCAJA;NOSE
01-09-2024;GLOBAL;PG;PROCTER  GAMBLE USD 3.864 1,51 -- â;2.77;0.008880785743692237;0.024599776510027496;171.54;IBERCAJA;NOSE
01-09-2024;GLOBAL;UNA.AS;Unilever PlC EUR;2.65;-0.0020562028786839863;-0.005448937628512563;58.24;IBERCAJA;NOSE
01-09-2024;GLOBAL;LRCX;LAM RESEARCH CORP USD 9.487 1,43 -- --;2.59;0.029712035318316284;0.07695417147443917;821.01;IBERCAJA;NOSE
01-09-2024;GLOBAL;HEIA.AS;HEINEKEN NV EUR 13.055 2,65 13.374 2,49;2.56;-0.006827603023652796;-0.017478663740551157;81.46;IBERCAJA;NOSE
01-09-2024;GLOBAL;AAPL;APPLE INCORPORATED USD 13.213 2,39 13.781 2,69;2.52;-0.003437921580573533;-0.008663562383045303;229.0;IBERCAJA;NOSE
01-09-2024;GLOBAL;SPGI;S_P GLOBAL USD 8.268 1,54 -- --;2.5;0.010215529967522877;0.02553882491880719;513.24;IBERCAJA;NOSE
01-09-2024;GLOBAL;0700.HK;TENCENT HOLDINGS HKD 8.027 1,45 -- --;2.49;0.011652542372881295;0.029014830508474428;382.0;IBERCAJA;NOSE
01-09-2024;GLOBAL;ASML.AS;ASM HOLDING EUR;2.49;-0.013365735115431349;-0.03328068043742406;812.0;IBERCAJA;NOSE
01-09-2024;GLOBAL;KO;COCA COLA USD 4.037 1,04 3.664 1,06;2.49;0.005829285218598219;0.014514920194309567;72.47;IBERCAJA;NOSE
01-09-2024;GLOBAL;NESN.SW;NESTLE CHF 9.676 2,49 9.136 2,63;2.49;-0.0008781558726673798;-0.0021866081229417757;91.02;IBERCAJA;NOSE
01-09-2024;GLOBAL;EL;ESTEE LAUDER USD 13.497 2,44 11.861 2,32;2.37;0.01946390835279724;0.046129462796129464;91.66;IBERCAJA;NOSE
01-09-2024;GLOBAL;KHC;KRAFT HEINZ USD 9.715 1,98 -- --;2.37;0.016351118760757323;0.038752151462994856;35.43;IBERCAJA;NOSE
01-09-2024;GLOBAL;MC.PA;LOUIS VUITTON EUR 8.941 1,62 8.041 1,57;2.37;-0.004576321228225602;-0.010845881310894678;674.3;IBERCAJA;NOSE
01-09-2024;GLOBAL;MDT;MEDTRONIC USD 13.487 2,51 4.283 0,93;2.37;0.004422270098650647;0.010480780133802034;88.58;IBERCAJA;NOSE
01-09-2024;GLOBAL;NKE;NIKE INC USD 17.740 3,21 18.132 3,54;2.37;0.0007206341580589486;0.0017079029545997082;83.32;IBERCAJA;NOSE
01-09-2024;GLOBAL;OR.PA;LOREAL EUR 8.188 1,48 7.787 1,52;2.37;-0.004892736168611187;-0.011595784719608513;396.6;IBERCAJA;NOSE
01-09-2024;GLOBAL;PEP;PEPSICO INC USD 3.038 0,66 -- --;2.37;0.004590621186588367;0.01087977221221443;172.88;IBERCAJA;NOSE
01-09-2024;GLOBAL;RKT.L;RECKITT BENCKISER GBP 11.106 2,85 5.783 1,67;2.37;0.006222631942843973;0.014747637704540217;4366.0;IBERCAJA;NOSE
01-09-2024;GLOBAL;BABA;ALIBABA GROUP USD 9.334 1,82 -- --;2.17;0.028634904961737935;0.062137743766971315;83.34;IBERCAJA;NOSE
01-09-2024;GLOBAL;DIS;WALT DISNEY CO USD 10.456 1,89 9.858 1,93;2.1;0.006346731989756076;0.01332813717848776;90.38;IBERCAJA;NOSE
01-09-2024;GLOBAL;JNJ;JOHNSON  JOHNSON USD 1.121 1,63 1.031 1,69;2.05;0.009925105035620921;0.020346465323022887;165.86;IBERCAJA;NOSE
01-09-2024;GLOBAL;CL;COLGATE- PALMOLIVE C USD 7.062 1,32 -- --;1.98;0.006521122767224248;0.012911823079104011;106.5;IBERCAJA;NOSE
01-09-2024;GLOBAL;AMZN;AMAZON.COM USD 10.546 2,71 9.328 2,69;1.96;0.03706716244480592;0.07265163839181961;178.5;IBERCAJA;NOSE
01-09-2024;GLOBAL;RMS.PA;HERMES INTERNATIONAL EUR 7.023 1,27 6.544 1,28;1.93;0.004166666666666667;0.008041666666666666;2169.0;IBERCAJA;NOSE
01-09-2024;GLOBAL;LLY;LILLY USD 8.598 1,60 -- --;1.8;0.021080621144437286;0.03794511805998711;960.02;IBERCAJA;NOSE
01-09-2024;GLOBAL;CFRZ.XC;CIE FINANCIERE RIC CHF 10.866 2,03 4.852 1,06;1.77;0.004872563718140972;0.008624437781109521;134.05;IBERCAJA;NOSE
01-09-2024;GLOBAL;MCD;MCDONALD CORP USD 1.146 1,67 176 0,29;1.74;0.002779128743139065;0.004835684013061973;288.66;IBERCAJA;NOSE
01-09-2024;GLOBAL;EW;EW LIFESCIENCES USD 12.763 2,31 13.367 2,61;1.71;-0.0022818026240731715;-0.003901882487165123;69.96;IBERCAJA;NOSE
01-09-2024;GLOBAL;EL.PA;ESSILORLUXOTTICA EUR 11.229 2,03 10.315 2,02;1.49;-0.005571030640668603;-0.008300835654596219;214.2;IBERCAJA;NOSE
01-09-2024;GLOBAL;MOV.F;MONCLER SPA EUR 7.798 1,45 6.094 1,33;1.39;0.006181818181818244;0.008592727272727358;55.34;IBERCAJA;NOSE
01-09-2024;GLOBAL;ISRG;INTUITIVE SURGICAL USD 2.899 0,74 2.769 0,80;1.37;0.011207586674056242;0.015354393743457052;492.63;IBERCAJA;NOSE
01-09-2024;GLOBAL;CRM;SALESFORCE.COM USD 3.793 0,69 2.914 0,57;1.36;-0.01599159565775645;-0.021748570094548773;252.9;IBERCAJA;NOSE
01-09-2024;GLOBAL;PYPL;PAYPAL HOLDINGS INC USD 5.788 1,49 4.027 1,16;1.36;-0.009978130125751638;-0.013570256971022229;72.43;IBERCAJA;NOSE
01-09-2024;GLOBAL;ADBE;ADOBE USD 8.510 1,54 8.597 1,68;1.21;0.008391411969172924;0.010153608482699238;574.41;IBERCAJA;NOSE
01-09-2024;GLOBAL;SBUX;STARBUCKS USD 6.654 1,71 10.315 2,97;1.18;-0.0030571368332279808;-0.003607421463209017;94.57;IBERCAJA;NOSE
01-09-2024;GLOBAL;ABT;ABBOTT LABORATORIES USD 4.997 0,93 -- --;1.01;0.004522880454061643;0.00456810925860226;113.27;IBERCAJA;NOSE
01-09-2024;GLOBAL;0A4J.L;ASTRAZENECA GBP 4.884 0,99 -- --;0.99;-0.004900057110222753;-0.004851056539120525;87.121;IBERCAJA;NOSE
01-09-2024;GLOBAL;META;META PLATFORMS USD 3.215 3,00 4.733 5,55;0.97;0.005962718536528729;0.005783836980432867;521.31;IBERCAJA;NOSE
01-09-2024;GLOBAL;ITX.MC;INDITEX EUR 10.526 1,90 9.754 1,91;0.92;-0.007497467071935249;-0.00689766970618043;48.98;IBERCAJA;NOSE
01-09-2024;GLOBAL;MRK;MERCK_CO INC USD 4.760 0,89 -- --;0.9;0.008428401157841044;0.00758556104205694;118.45;IBERCAJA;NOSE
01-09-2024;GLOBAL;CMC.F;JPM CHASE USD 4.315 0,88 -- --;0.88;0.012950506977211186;0.011396446139945844;201.8;IBERCAJA;NOSE
01-09-2024;GLOBAL;GUI.DE;DIAGEO GBP 4.342 0,88 -- --;0.88;-0.0027040730099713315;-0.0023795842487747717;29.505;IBERCAJA;NOSE
01-09-2024;GLOBAL;SAP.DE;SAP SE EUR 7.571 1,66 -- --;0.87;-0.006532006833484129;-0.005682845945131192;197.72;IBERCAJA;NOSE
01-09-2024;GLOBAL;RACE.MI;FERRARI NV EUR 5.080 1,11 -- --;0.78;0.0040413111809609594;0.0031522227211495486;447.2;IBERCAJA;NOSE
01-09-2024;GLOBAL;3690.HK;MEITUAN HKD 388 0,07 -- --;0.05;0.021607605877268798;0.00108038029386344;118.2;IBERCAJA;NOSE
01-09-2024;JAPON;9983.T;FAST RETAILING JPY 667 4,97 664 5,17;8.74;0.003010105353687379;0.026308320791227694;46650.0;IBERCAJA;NOSE
01-09-2024;JAPON;8035.T;TOKYO ELECTRON JPY 636 4,74 400 3,11;6.37;0.0029148853478429848;0.018567819665759815;25805.0;IBERCAJA;NOSE
01-09-2024;JAPON;6857.T;ADVANTEST JPY 2.384 2,61 549 1,00;4.44;0.03765625;0.16719375000000003;6641.0;IBERCAJA;NOSE
01-09-2024;JAPON;9984.T;SOFTBANK GROUP JPY 242 1,80 261 2,04;4.22;0.03192142418661756;0.1347084100675261;8405.0;IBERCAJA;NOSE
01-09-2024;JAPON;6762.T;TDK JPY 1.652 1,81 797 1,46;3.75;0.0355452728993585;0.13329477337259438;9847.0;IBERCAJA;NOSE
01-09-2024;JAPON;9433.T;KDDI JPY 2.510 2,76 2.195 2,27;3.72;-0.010676873489121675;-0.03971796937953263;4911.0;IBERCAJA;NOSE
01-09-2024;JAPON;4063.T;SHIN-ETSU CHEMICAL JPY 2.220 2,43 640 1,17;3.4;-0.003414028553693358;-0.011607697082557418;6422.0;IBERCAJA;NOSE
01-09-2024;JAPON;6098.T;RECRUIT HOLDINGS JPY 1.788 1,95 648 1,18;2.93;0.0342974734194581;0.10049159711901225;9047.0;IBERCAJA;NOSE
01-09-2024;JAPON;6367.T;DAIKIN INDUSTRIES JPY 431 3,21 390 3,04;2.45;0.005978260869565218;0.014646739130434783;18510.0;IBERCAJA;NOSE
01-09-2024;JAPON;6954.T;FANUC JPY 234 1,74 228 1,77;2.37;0.003981264637002342;0.009435597189695551;4287.0;IBERCAJA;NOSE
01-09-2024;JAPON;4543.T;TERUMO JPY 2.416 2,65 3.285 3,40;2.36;-0.029411764705882353;-0.06941176470588235;2689.5;IBERCAJA;NOSE
01-09-2024;JAPON;6758.T;SONY GROUP JPY 2.499 2,73 1.379 2,52;2.33;0.014285714285714285;0.03328571428571429;14200.0;IBERCAJA;NOSE
01-09-2024;JAPON;4568.T;DAIICHI SANKYO JPY 1.067 1,17 --;2.21;-0.003751427173381178;-0.008290654053172402;6108.0;IBERCAJA;NOSE
01-09-2024;JAPON;6971.T;KYOCERA CORP JPY 2.433 2,66 1.347 2,46;2.05;0.008722566122678672;0.017881260551491276;1792.5;IBERCAJA;NOSE
01-09-2024;JAPON;7733.T;OLYMPUS CORP JPY 970 1,06 356 0,65;1.88;-0.012072808320950966;-0.022696879643387815;2659.5;IBERCAJA;NOSE
01-09-2024;JAPON;7203.T;TOYOTA MOTOR JPY 2.622 2,88 2.587 2,68;1.84;0.014335600073515899;0.026377504135269254;2759.5;IBERCAJA;NOSE
01-09-2024;JAPON;7974.T;NINTENDO JPY 809 0,88 623 1,14;1.83;0.004066073697585769;0.007440914866581957;7902.0;IBERCAJA;NOSE
01-09-2024;JAPON;4519.T;CHUGAI PHARMA JPY 130 1,18 120 0,77;1.82;0.00013544629554381688;0.0002465122578897467;7384.0;IBERCAJA;NOSE
01-09-2024;JAPON;4901.T;FUJIFILM HOLDINGS JPY 94 0,60 665 0,82;1.81;0.010872378980067305;0.019679005953921823;3905.0;IBERCAJA;NOSE
01-09-2024;JAPON;4503.T;ASTELLAS PHARMA INC JPY 1.179 1,29 478 0,87;1.8;-0.006017505470459519;-0.010831509846827134;1817.0;IBERCAJA;NOSE
01-09-2024;JAPON;8058.T;MITSUBISHI CORP JPY 755 0,96 766 0,94;1.68;0.00333000333000333;0.005594405594405594;3013.0;IBERCAJA;NOSE
01-09-2024;JAPON;2413.T;M3 INC JPY 307 2,28 206 1,60;1.66;-0.010193321616871705;-0.01692091388400703;1408.0;IBERCAJA;NOSE
01-09-2024;JAPON;8001.T;ITOCHU CORP JPY 387 2,88 313 2,44;1.64;0.029388191290408764;0.04819663371627037;7706.0;IBERCAJA;NOSE
01-09-2024;JAPON;6902.T;DENSO JPY 792 0,87 -- --;1.51;-0.001337196344996657;-0.002019166480944952;2240.5;IBERCAJA;NOSE
01-09-2024;JAPON;7832.T;BANDAI NAMCO HOLDING JPY 1.033 1,13 422 0,77;1.51;-0.006986344871387742;-0.01054938075579549;3127.0;IBERCAJA;NOSE
01-09-2024;JAPON;8766.T;TOKIO MARINE HOLDING JPY 126 1,14 121 0,77;1.5;0.011017260374586852;0.01652589056188028;5506.0;IBERCAJA;NOSE
01-09-2024;JAPON;4452.T;KAO CORP JPY 844 0,92 566 1,03;1.44;0.006458557588805167;0.00930032292787944;6545.0;IBERCAJA;NOSE
01-09-2024;JAPON;3382.T;SEVEN_HOLDINGS JPY 1.202 1,31 750 1,37;1.39;-0.0089728453364817;-0.012472255017709563;2098.5;IBERCAJA;NOSE
01-09-2024;JAPON;4091.T;NIPPON SANSO HOLDING JPY 482 0,61 456 0,56;1.34;0.015714285714285715;0.02105714285714286;4977.0;IBERCAJA;NOSE
01-09-2024;JAPON;6861.T;KEYENCE CORP JPY 1.354 1,48 640 1,17;1.32;-0.012764146929513545;-0.016848673946957878;69610.0;IBERCAJA;NOSE
01-09-2024;JAPON;8031.T;MITSUI JPY 1.418 1,55 894 1,64;1.32;0.02831741850510372;0.03737899242673691;3123.0;IBERCAJA;NOSE
01-09-2024;JAPON;7267.T;HONDA MOTOR JPY 869 0,95 -- --;1.25;0.003158559696778269;0.003948199620972837;1588.0;IBERCAJA;NOSE
01-09-2024;JAPON;7741.T;HOYA JPY 901 0,98 225 0,41;1.25;-0.005072463768115942;-0.006340579710144927;20595.0;IBERCAJA;NOSE
01-09-2024;JAPON;6383.T;DAIFUKU JPY 1.001 1,09 272 0,50;1.22;0.01794453507340946;0.02189233278955954;2808.0;IBERCAJA;NOSE
01-09-2024;JAPON;8830.T;SUMITOMO REALTY DEVE JPY 705 0,87 728 0,75;1.19;0.012645319192331226;0.015047929838874157;4965.0;IBERCAJA;NOSE
01-09-2024;JAPON;2502.T;ASAHI GROUP HOLDINGS JPY 610 0,67 268 0,49;1.12;-0.0025730564234515713;-0.00288182319426576;5427.0;IBERCAJA;NOSE
01-09-2024;JAPON;9735.T;SECOM CORP JPY 717 0,78 751 1,37;1.12;-0.0018796992481203006;-0.002105263157894737;10620.0;IBERCAJA;NOSE
01-09-2024;JAPON;7272.T;YAMAHA MOTOR JPY 454 0,56 -- --;1.07;0.003961965134706815;0.004239302694136292;1267.0;IBERCAJA;NOSE
01-09-2024;JAPON;9613.T;NTT DATA JPY 96 1,07 -- --;1.07;0.016069788797061526;0.017194674012855835;2213.0;IBERCAJA;NOSE
01-09-2024;JAPON;6301.T;KOMATSU LTD JPY 423 0,54 486 0,60;1.05;0.011723621850835619;0.0123098029433774;4056.0;IBERCAJA;NOSE
01-09-2024;JAPON;9715.T;TRANSCOSMOS JPY 102 0,92 -- --;0.96;-0.0014044943820224719;-0.001348314606741573;3555.0;IBERCAJA;NOSE
01-09-2024;JAPON;6501.T;HITACHI JPY 1.079 1,18 256 0,47;0.94;0.027913669064748202;0.026238848920863308;3572.0;IBERCAJA;NOSE
01-09-2024;JAPON;6645.T;OMRON CORPORATION JPY 91 0,58 -- --;0.94;0.0038314176245210726;0.003601532567049808;6026.0;IBERCAJA;NOSE
01-09-2024;JAPON;6976.T;TAIYO YUDEN CO JPY 482 3,59 319 2,48;0.73;0.02654867256637168;0.019380530973451326;3596.0;IBERCAJA;NOSE
01-09-2024;JAPON;4021.T;NISSAN CHIMICAL JPY 63 0,70 71 0,64;0.7;-0.002;-0.0014;4990.0;IBERCAJA;NOSE
01-09-2024;JAPON;4516.T;NIPPON SHINYAKU JPY 469 0,60 522 0,64;0.53;-0.0005691519635742744;-0.0003016505406943654;3512.0;IBERCAJA;NOSE
01-09-2024;MEGATRENDS;NVDA;NVIDIA CORP USD 2.240 1,99 260 0,92;4.87;0.01513734161068119;0.0737188536440174;119.37;IBERCAJA;NOSE
01-09-2024;MEGATRENDS;MSFT;MICROSOFT USD 1.547 1,38 471 1,66;4.74;0.009730828814872148;0.046124128582493984;417.14;IBERCAJA;NOSE
01-09-2024;MEGATRENDS;AZN.L;ASTRAZENECA GBP 11.157 2,20;3.81;0.0;0.0;13274.0;IBERCAJA;NOSE
01-09-2024;MEGATRENDS;MRK;Merck  Co. INC USD;3.54;0.008428401157841044;0.029836540098757296;118.45;IBERCAJA;NOSE
01-09-2024;MEGATRENDS;AAPL;APPLE INC USD;3.52;-0.003437921580573533;-0.012101483963618835;229.0;IBERCAJA;NOSE
01-09-2024;MEGATRENDS;KRZ.IR;KERRY GROUP PLC EUR 3.863 1,18 -- --;3.13;0.009449694274596935;0.029577543079488407;90.8;IBERCAJA;NOSE
01-09-2024;MEGATRENDS;ACN;Accenture PLC USD;2.78;0.005114488110284851;0.014218276946591885;341.95;IBERCAJA;NOSE
01-09-2024;MEGATRENDS;EW;Edwards Lifesciences USD;2.69;-0.0022818026240731715;-0.0061380490587568315;69.96;IBERCAJA;NOSE
01-09-2024;MEGATRENDS;CIEN;CIENA USD 6.064 1,85 5.624 2,21;2.67;0.0160380683820937;0.042821642580190174;57.65;IBERCAJA;NOSE
01-09-2024;MEGATRENDS;MRK.F;Merck Kgaa  EUR;2.59;0.014367816091954023;0.03721264367816092;176.5;IBERCAJA;NOSE
01-09-2024;MEGATRENDS;BDX.VI;Becton Dickinson and Co EUR;2.58;-0.0009186954524574582;-0.002370234267340242;217.5;IBERCAJA;NOSE
01-09-2024;MEGATRENDS;ASML.AS;ASM LITHOGRAPHY HOLD EUR 10.703 2,41 10.409 2,05;2.54;-0.013365735115431349;-0.03394896719319562;812.0;IBERCAJA;NOSE
01-09-2024;MEGATRENDS;TSM;TAIWAN SEMICONDUCTOR USD 7.058 2,16 -- --;2.46;0.01507537688442201;0.03708542713567814;171.7;IBERCAJA;NOSE
01-09-2024;MEGATRENDS;SAP.DE;SAP SE EUR 5.221 1,60 5.361 2,10;2.45;-0.006532006833484129;-0.016003416742036116;197.72;IBERCAJA;NOSE
01-09-2024;MEGATRENDS;CAP.PA;CAPGEMINI EUR 9.720 2,33 -- --;2.43;0.008064516129032258;0.019596774193548386;187.5;IBERCAJA;NOSE
01-09-2024;MEGATRENDS;CNC;CENTENE CORP USD 7.938 1,74 -- --;2.43;0.006897432622301597;0.016760761272192882;78.83;IBERCAJA;NOSE
01-09-2024;MEGATRENDS;FSLR;FIRST SOLAR USD 9.364 2,11 -- --;2.43;0.019139399372478754;0.04650874047512338;227.37;IBERCAJA;NOSE
01-09-2024;MEGATRENDS;GEN;GEN DIGITAL USD 11.138 2,19 13.112 2,75;2.43;0.0015140045420135937;0.003679031037093033;26.46;IBERCAJA;NOSE
01-09-2024;MEGATRENDS;GOOG;ALPHABET INC USD 6.437 1,97 5.234 2,05;2.43;0.010465116279069816;0.025430232558139653;165.11;IBERCAJA;NOSE
01-09-2024;MEGATRENDS;LOGI;LOGITECH INTERNAT CHF 7.709 2,36 6.833 2,68;2.43;0.006970568709891677;0.016938481965036774;91.01;IBERCAJA;NOSE
01-09-2024;MEGATRENDS;NOVO-B.CO;NOVO DKK 10.336 2,04 8.830 1,85;2.43;0.017241379310344803;0.04189655172413787;938.1;IBERCAJA;NOSE
01-09-2024;MEGATRENDS;NXS.DE;NEXANS SA EUR 7.565 1,49 8.051 1,69;2.43;0.009499136442141697;0.023082901554404324;116.9;IBERCAJA;NOSE
01-09-2024;MEGATRENDS;PODD;INSULET CORP USD 13.653 3,07 -- --;2.43;-0.01160126736534241;-0.028191079697782055;202.77;IBERCAJA;NOSE
01-09-2024;MEGATRENDS;PRY.MI;PRYSMIAN SPA EUR 10.467 2,19 7.915 1,85;2.43;0.0037998733375554463;0.009233692210259735;63.4;IBERCAJA;NOSE
01-09-2024;MEGATRENDS;QCOM;QUALCOMM USD 9.643 2,32 -- --;2.43;0.034279308513776634;0.08329871968847723;175.3;IBERCAJA;NOSE
01-09-2024;MEGATRENDS;QIA.DE;QIAGEN NV EUR 12.332 2,53 13.567 2,69;2.43;0.00048250904704453607;0.0011724969843182227;41.47;IBERCAJA;NOSE
01-09-2024;MEGATRENDS;SPI;SPIE SA EUR 10.740 2,21 11.360 2,26;2.43;0.012158054711246211;0.029544072948328295;0.333;IBERCAJA;NOSE
01-09-2024;MEGATRENDS;SU.PA;SCHNEIDER EUR 6.903 2,11 6.270 2,46;2.43;-0.0030381944444445182;-0.00738281250000018;229.7;IBERCAJA;NOSE
01-09-2024;MEGATRENDS;TRMB;TRIMBLE INC USD 6.565 2,01 5.411 2,12;2.43;0.006033717834960005;0.014661934338952813;56.69;IBERCAJA;NOSE
01-09-2024;MEGATRENDS;UCB.BR;UCB SA EUR 3.894 0,92 -- --;2.43;-0.002741395065488986;-0.006661590009138236;163.7;IBERCAJA;NOSE
01-09-2024;MEGATRENDS;VRNS;VARONIS SYSTEMS USD 7.775 1,70 -- --;2.43;0.00945247012662745;0.022969502407704706;56.6;IBERCAJA;NOSE
01-09-2024;MEGATRENDS;XYL;XYLEM USD 8.518 2,60 3.749 1,47;2.43;0.012963099359210362;0.03150033144288118;137.53;IBERCAJA;NOSE
01-09-2024;MEGATRENDS;ELV;ELEVANCE HEALTH USD 10.659 2,34 10.587 2,48;2.21;0.008694234635657147;0.019214258544802295;556.89;IBERCAJA;NOSE
01-09-2024;MEGATRENDS;AGCO;AGCO CORPORATION USD 8.796 2,11 -- --;1.91;0.006634232640424685;0.012671384343211148;91.04;IBERCAJA;NOSE
01-09-2024;MEGATRENDS;AVTR;AVANTOR USD 7.998 1,76 -- --;1.86;0.0019387359441644324;0.0036060488561458445;25.84;IBERCAJA;NOSE
01-09-2024;MEGATRENDS;ALFEN.AS;ALFEN EUR 7.390 1,46 -- --;1.83;-0.02481227554684943;-0.045406464250734455;14.935;IBERCAJA;NOSE
01-09-2024;MEGATRENDS;PYPL;PAYPAL HOLDINGS INC USD 3.087 2,75 -- -;1.51;-0.009978130125751638;-0.015066976489884974;72.43;IBERCAJA;NOSE
01-09-2024;MEGATRENDS;V;VISA INC USD 5.010 1,03 -- --;1.33;0.007473024205307712;0.009939122193059258;276.37;IBERCAJA;NOSE
01-09-2024;NEWENERGY;SSE.L;SSE PLC GBP 1.069 1,96 1.048 2,64;4.92;0.006937033084311633;0.03413020277481323;1887.0;IBERCAJA;NOSE
01-09-2024;NEWENERGY;IBE.MC;IBERDROLA EUR 2.611 7,29 2.493 7,82;4.67;0.006279434850863428;0.029324960753532206;12.82;IBERCAJA;NOSE
01-09-2024;NEWENERGY;FSLR;FIRST SOLAR USD 1.488 2,73 1.215 3,05;4.5;0.019139399372478754;0.08612729717615439;227.37;IBERCAJA;NOSE
01-09-2024;NEWENERGY;EDP.LS;ENERGIAS DE PORTUGAL EUR 1.121 2,05 1.187 2,98;4.34;0.010918774966711032;0.047387483355525874;3.796;IBERCAJA;NOSE
01-09-2024;NEWENERGY;ED;Consolidated Edison INC [Utilities] USD;3.81;0.007439738121218133;0.028345402241841088;101.56;IBERCAJA;NOSE
01-09-2024;NEWENERGY;PRY.MI;PRYSMIAN SPA EUR 10.467 2,19 7.915 1,85;3.51;0.0037998733375554463;0.013337555414819615;63.4;IBERCAJA;NOSE
01-09-2024;NEWENERGY;NEE;NEXTERA ENERGY USD 1.289 2,36 947 2,38;3.26;0.012513362258693386;0.040793560963340435;80.51;IBERCAJA;NOSE
01-09-2024;NEWENERGY;VIE.PA;VEOLIA ENVIRONNEMENT EUR 1.038 1,90 950 2,39;3.22;0.005372733378106116;0.017300201477501696;29.94;IBERCAJA;NOSE
01-09-2024;NEWENERGY;XYL;XYLEM USD 1.435 2,63 917 2,31;3.03;0.012963099359210362;0.039278191058407394;137.53;IBERCAJA;NOSE
01-09-2024;NEWENERGY;IFX.DE;INFINEON TECHNOLOG. EUR 1.085 1,99 -- --;3.01;0.004260499087035927;0.01282410225197814;33.0;IBERCAJA;NOSE
01-09-2024;NEWENERGY;WM;WASTE MANAGEMENT USD 519 1,43 -- --;3.01;0.010291595197255558;0.030977701543739227;212.04;IBERCAJA;NOSE
01-09-2024;NEWENERGY;7203.T;TOYOTA MOTOR JPY 796 1,46 -- --;2.98;0.014335600073515899;0.04272008821907738;2759.5;IBERCAJA;NOSE
01-09-2024;NEWENERGY;NXS.SG;NEXANS SA EUR 2.126 4,07 2.146 3,96;2.98;0.006034482758620714;0.017982758620689727;116.7;IBERCAJA;NOSE
01-09-2024;NEWENERGY;ORSTED.CO;ORSTED  DKK 1.060 2,96 760 2,39;2.98;-0.001023017902813241;-0.0030485933503834584;390.6;IBERCAJA;NOSE
01-09-2024;NEWENERGY;SGO.PA;SAINT GOBAIN EUR 450 0,99 -- --;2.98;0.010477894198824344;0.031224124712496543;79.08;IBERCAJA;NOSE
01-09-2024;NEWENERGY;SPIE.PA;SPIE SA EUR 1.286 2,36 -- --;2.98;0.038111490329920464;0.11357224118316298;36.5;IBERCAJA;NOSE
01-09-2024;NEWENERGY;SU.PA;SCHNEIDER EUR 1.068 1,96 -- --;2.98;-0.0030381944444445182;-0.009053819444444665;229.7;IBERCAJA;NOSE
01-09-2024;NEWENERGY;5GR.F;GRENERGY RENOVABLES EUR 1.370 2,96 -- --;2.96;0.006125574272588142;0.018131699846860902;32.85;IBERCAJA;NOSE
01-09-2024;NEWENERGY;NEF.DE;NESTE OYJ EUR 1.680 3,21 1.756 3,24;2.82;0.0;0.0;48.41;IBERCAJA;NOSE
01-09-2024;NEWENERGY;ACN;Accenture PLC USD;2.69;0.005114488110284851;0.01375797301666625;341.95;IBERCAJA;NOSE
01-09-2024;NEWENERGY;0l2T.L;SAMSUNG SDI CO EUR 1.215 2,63 -- --;2.63;0.08928571428571429;0.23482142857142857;61.0;IBERCAJA;NOSE
01-09-2024;NEWENERGY;SGMR.DU;STMICROELECTRONICS N EUR 950 1,82 -- --;2.35;0.022058823529411818;0.051838235294117775;27.8;IBERCAJA;NOSE
01-09-2024;NEWENERGY;SIE.DE;SIEMENS AG EUR 1.190 2,18 999 2,51;2.31;-0.0017624250969334471;-0.004071201973916263;169.92;IBERCAJA;NOSE
01-09-2024;NEWENERGY;LR.PA;LEGRAND EUR 1.031 1,89 -- --;2.03;0.002973240832507405;0.006035678889990031;101.2;IBERCAJA;NOSE
01-09-2024;NEWENERGY;6752.T;PANASONIC CORP JPY 1.096 2,01 -- --;1.93;0.018479630407391853;0.035665686686266275;1212.5;IBERCAJA;NOSE
01-09-2024;NEWENERGY;LIN;LINDE PLC USD 860 1,58 -- --;1.93;0.011676855710447786;0.022536331521164226;478.25;IBERCAJA;NOSE
01-09-2024;NEWENERGY;NEOEN.PA;NEOEN SA EUR 1.545 2,96 1.526 2,82;1.75;-0.0015471892728211004;-0.0027075812274369258;38.72;IBERCAJA;NOSE
01-09-2024;NEWENERGY;NJB.F;NIBE INDUSTRIER SEK 809 1,75 -- --;1.75;-0.011011235955056264;-0.019269662921348463;4.401;IBERCAJA;NOSE
01-09-2024;NEWENERGY;ARRY;ARRAY TECHNOLOGIES USD 1.214 2,22 -- --;1.74;-0.020437956204379517;-0.03556204379562036;6.71;IBERCAJA;NOSE
01-09-2024;NEWENERGY;ENPH;ENPHASE ENERGY INC USD 384 0,72 -- --;1.55;-0.0021434460016487296;-0.003322341302555531;121.04;IBERCAJA;NOSE
01-09-2024;NEWENERGY;BFSA.MU;BEFESA EUR 607 1,12 -- --;1.37;0.0;0.0;27.22;IBERCAJA;NOSE
01-09-2024;NEWENERGY;SCATC.OL;SCATEC ASA NOK 774 1,42 -- --;1.35;0.02466793168880459;0.0333017077798862;81.0;IBERCAJA;NOSE
01-09-2024;NEWENERGY;NG.L;NATIONAL GBP 606 1,13 281 0,59;1.32;0.0070592981040742235;0.009318273497377976;998.6;IBERCAJA;NOSE
01-09-2024;NEWENERGY;APD;AIR PROD CHEMICALS USD 874 1,60 -- --;1.31;0.006315409599422591;0.008273186575243594;278.85;IBERCAJA;NOSE
01-09-2024;NEWENERGY;SEDG;SOLAREDGE TECHNO USD 833 1,53 -- --;1.03;-0.02328382175833006;-0.023982336411079965;24.33;IBERCAJA;NOSE
01-09-2024;NEWENERGY;13X.F;XINYI SOLAR HOLDINGS HKD 1.191 2,18 -- --;0.93;-0.0471145804293282;-0.04381655979927523;0.3418;IBERCAJA;NOSE
01-09-2024;NEWENERGY;ANA.MC;CORPORACION ACCIONA EUR 1.331 2,50 -- --;0.81;0.0024590163934425997;0.0019918032786885058;122.3;IBERCAJA;NOSE
01-09-2024;NEWENERGY;NEL.OL;NEL ASA NOK 1.005 1,84 -- --;0.67;0.011702529256323193;0.00784069460173654;5.36;IBERCAJA;NOSE
01-09-2024;SANIDAD;LLY;LILLY USD 7.208 2,12 3.850 1,32;9.51;0.021080621144437286;0.20047670708359858;960.02;IBERCAJA;NOSE
01-09-2024;SANIDAD;NVO;NOVO DKK 9.698 2,30 12.491 3,07;5.63;0.011925538103548475;0.06714077952297791;139.16;IBERCAJA;NOSE
01-09-2024;SANIDAD;MRK;MERCK  CO INC USD 14.426 4,23 12.013 4,11;5.03;0.008428401157841044;0.04239485782394046;118.45;IBERCAJA;NOSE
01-09-2024;SANIDAD;UNH;UNITEDHEALTH GROUP USD 8.723 2,07 7.894 1,94;4.75;-0.0023158713254559974;-0.011000388795915987;590.2;IBERCAJA;NOSE
01-09-2024;SANIDAD;AZN.L;ASTRAZENECA GBP 11.364 3,34 9.088 3,11;4.04;0.0;0.0;13274.0;IBERCAJA;NOSE
01-09-2024;SANIDAD;ROG.SW;ROCHE HOLDINGS CHF 10.224 2,42 20.864 5,13;3.53;0.006306937631394574;0.022263489838822845;287.2;IBERCAJA;NOSE
01-09-2024;SANIDAD;ISRG;INTUITIVE SURGICAL USD 7.245 1,72 7.701 1,89;3.14;0.011207586674056242;0.0351918221565366;492.63;IBERCAJA;NOSE
01-09-2024;SANIDAD;MRK.F;MERCK KGAA EUR 4.879 0,83 4.709 0,82;2.66;0.014367816091954023;0.038218390804597706;176.5;IBERCAJA;NOSE
01-09-2024;SANIDAD;JNJ;JOHNSON  JOHNSON USD 1.121 1,63 1.031 1,71;2.59;0.009925105035620921;0.025706022042258185;165.86;IBERCAJA;NOSE
01-09-2024;SANIDAD;ABBV;ABBVIE INC USD 5.357 1,27 5.093 1,25;2.49;0.005789527615534355;0.014415923762680546;196.31;IBERCAJA;NOSE
01-09-2024;SANIDAD;PFE;PFIZER USD 6.499 1,91 7.088 2,42;2.48;0.010097493036211793;0.025041782729805246;29.01;IBERCAJA;NOSE
01-09-2024;SANIDAD;EW;EW LIFESCIENCES USD 5.348 1,27 5.601 1,38;2.48;-0.0022818026240731715;-0.005658870507701465;69.96;IBERCAJA;NOSE
01-09-2024;SANIDAD;AMGN;AMGEN USD 5.788 1,37 5.135 1,26;2.46;0.008519380079151666;0.0209576749947131;333.83;IBERCAJA;NOSE
01-09-2024;SANIDAD;BMY;BRISTOL-MYRS SQUIBB USD 9.233 2,19 7.187 1,77;2.46;0.0046259050683830245;0.01137972646822224;49.95;IBERCAJA;NOSE
01-09-2024;SANIDAD;ELV;ELEVANCE HEALTH USD 16.101 2,62 15.466 2,69;2.46;0.008694234635657147;0.021387817203716582;556.89;IBERCAJA;NOSE
01-09-2024;SANIDAD;MDT;MEDTRONIC USD 4.373 1,04 4.163 1,02;2.46;0.004422270098650647;0.010878784442680593;88.58;IBERCAJA;NOSE
01-09-2024;SANIDAD;NOTA.F;NOVARTIS CHF 10.420 2,47 24.187 5,94;2.46;0.014285714285714285;0.03514285714285714;106.5;IBERCAJA;NOSE
01-09-2024;SANIDAD;QIA.DE;QIAGEN NV EUR 1.782 0,52 -- -;2.46;0.00048250904704453607;0.0011869722557295587;41.47;IBERCAJA;NOSE
01-09-2024;SANIDAD;SNN;SMITH_NEPHEW GBP 12.162 2,52 15.852 2,94;2.46;-0.0032310177705976695;-0.007948303715670266;30.85;IBERCAJA;NOSE
01-09-2024;SANIDAD;UCB.BR;UCB SA EUR 3.894 0,92 -- --;2.46;-0.002741395065488986;-0.006743831861102906;163.7;IBERCAJA;NOSE
01-09-2024;SANIDAD;GILD;GILEAD SCIENCES USD 8.739 2,07 5.656 1,39;2.33;-0.005663939584644466;-0.013196979232221608;79.0;IBERCAJA;NOSE
01-09-2024;SANIDAD;SAN.PA;SANOFI SA EUR 17.612 5,17 13.893 4,75;2.07;-0.002365930599369035;-0.0048974763406939015;101.2;IBERCAJA;NOSE
01-09-2024;SANIDAD;GRF.MC;GRIFOLS SA EUR 10.590 2,51 11.325 2,78;1.96;0.0143753796315043;0.028175744077748425;10.02;IBERCAJA;NOSE
01-09-2024;SANIDAD;IQV;IQVIA HOLDINGS USD 8.397 1,99 11.146 2,74;1.78;0.0030304238606005795;0.005394154471869032;251.55;IBERCAJA;NOSE
01-09-2024;SANIDAD;VRTX;VERTEX PHARMA USD 8.244 1,95 -- --;1.75;0.005148474713692031;0.009009830748961055;495.89;IBERCAJA;NOSE
01-09-2024;SANIDAD;PODD;INSULET CORP USD 8.015 1,66 -- --;1.66;-0.01160126736534241;-0.0192581038264684;202.77;IBERCAJA;NOSE
01-09-2024;SANIDAD;EL.PA;ESSILORLUXOTTICA EUR 8.215 1,95 7.546 1,85;1.53;-0.005571030640668603;-0.008523676880222961;214.2;IBERCAJA;NOSE
01-09-2024;SANIDAD;ABT;ABBOTT LABORATORIES USD 7.417 1,76 6.506 1,60;1.5;0.004522880454061643;0.006784320681092465;113.27;IBERCAJA;NOSE
01-09-2024;SANIDAD;SHL.SG;SIEMENS HEALTHINEERS EUR 5.756 0,98 -- --;1.42;0.003829950210647316;0.005438529299119189;52.42;IBERCAJA;NOSE
01-09-2024;SANIDAD;CNC;CENTENE CORP USD 6.723 1,39 12.366 2,29;1.39;0.006897432622301597;0.009587431344999219;78.83;IBERCAJA;NOSE
01-09-2024;SANIDAD;TMO;THERMO FISHER USD 3.969 0,94 3.889 0,96;1.36;0.005542113523411098;0.007537274391839093;615.07;IBERCAJA;NOSE
01-09-2024;SANIDAD;ZBH;ZIMMER BIOMET USD 7.779 1,84 7.189 1,77;1.3;0.00688933461236585;0.008956134996075605;115.46;IBERCAJA;NOSE
01-09-2024;SANIDAD;BAX;BAXTER INTERNATIONAL USD 1.265 0,30 1.156 0,28;1.22;0.0018484288354898412;0.002255083179297606;37.94;IBERCAJA;NOSE
01-09-2024;SANIDAD;GSK.L;GSK PLC GBP 5.531 1,03 5.552 0,90;1.18;0.003330305782621859;0.003929760823493793;1657.0;IBERCAJA;NOSE
01-09-2024;SANIDAD;BSX;BOSTON SCIENTIFIC USD 3.361 0,80 7.710 1,89;1.11;0.013883723813065631;0.015410933432502851;81.79;IBERCAJA;NOSE
01-09-2024;SANIDAD;ZTS;ZOETIS USD 10.215 2,20 -- --;1.04;0.003280660506315396;0.0034118869265680122;183.49;IBERCAJA;NOSE
01-09-2024;SANIDAD;BIIB;BIOGEN INC USD 1.968 0,47 1.654 0,41;1.03;-0.00029294014256421385;-0.00030172834684114025;204.76;IBERCAJA;NOSE
01-09-2024;SANIDAD;CVS;CVS USD 4.390 1,04 3.827 0,94;1.01;0.00473933649289105;0.004786729857819961;57.24;IBERCAJA;NOSE
01-09-2024;SANIDAD;DHR;DANAHER CORP USD 6.160 1,14 -- --;1.0;0.00857613661897993;0.00857613661897993;269.31;IBERCAJA;NOSE
01-09-2024;SANIDAD;BDX;BECTON DICKINSON_CO USD 4.146 0,98 4.096 1,01;0.91;0.005975847615885785;0.005438021330456065;242.41;IBERCAJA;NOSE
01-09-2024;SANIDAD;CI;CIGNA USD 4.326 0,90 4.102 0,76;0.9;0.002077217083033291;0.0018694953747299618;361.81;IBERCAJA;NOSE
01-09-2024;SANIDAD;STMN.SW;STRAUMANN CHF 2.812 0,67 2.516 0,62;0.8;0.0003987240829345866;0.0003189792663476693;125.45;IBERCAJA;NOSE
01-09-2024;SANIDAD;HCA;HCA HEALTHCARE USD 5.138 1,22 4.308 1,06;0.75;0.007128491051197725;0.005346368288398294;395.59;IBERCAJA;NOSE
01-09-2024;SANIDAD;SONVY;SONOVA HOLDING AG CHF 2.393 0,57 2.248 0,55;0.65;0.0007167431192660142;0.00046588302752290924;69.81;IBERCAJA;NOSE
01-09-2024;SANIDAD;GN.CO;GN STORE NORD DKK 8.296 1,58 -- --;0.57;0.0016291951775822746;0.0009286412512218964;153.7;IBERCAJA;NOSE
01-09-2024;SANIDAD;A;AGILENT USD 8.346 1,98 7.468 1,83;0.53;0.0027362660492526933;0.0014502210061039275;142.92;IBERCAJA;NOSE
01-09-2024;SANIDAD;4502.T;TAKEDA JPY 2.758 0,65 2.663 0,65;0.48;-0.004365808823529412;-0.0020955882352941177;4333.0;IBERCAJA;NOSE
01-09-2024;SANIDAD;ALC.SW;ALCON INC CHF 1.816 0,43 1.651 0,41;0.44;-0.001213592233009812;-0.0005339805825243173;82.3;IBERCAJA;NOSE
01-09-2024;SANIDAD;ILMN;ILLUMINA USD 2.966 0,70 8.195 2,01;0.37;-0.017790402152788126;-0.006582448796531607;131.4;IBERCAJA;NOSE
01-09-2024;SANIDAD;JAZZ;JAZZ PHARMACEUTICALS USD 1.387 0,33 1.337 0,33;0.23;0.003287197231833994;0.0007560553633218186;115.98;IBERCAJA;NOSE
01-09-2024;SANIDAD;MRVI;MARAVAI LIFESCIENCES USD 2.865 0,49 2.981 0,52;0.19;-0.017372421281216084;-0.003300760043431056;9.05;IBERCAJA;NOSE
01-09-2024;SECTORINMOBILIARIO;AMT;AMERICAN TOWER USD 738 3,51 489 3,53;3.98;0.002415891195418719;0.0096152469577665;224.06;IBERCAJA;NOSE
01-09-2024;SECTORINMOBILIARIO;NEE;NEXTERA ENERGY USD 1.289 2,36 947 2,38;3.83;0.012513362258693386;0.04792617745079567;80.51;IBERCAJA;NOSE
01-09-2024;SECTORINMOBILIARIO;PLD;PROLOGIS INC USD 314 1,68 874 6,30;3.69;0.01986754966887413;0.07331125827814554;127.82;IBERCAJA;NOSE
01-09-2024;SECTORINMOBILIARIO;UNP;UNION PACIFIC CORP USD 467 2,22 155 1,12;3.43;0.01679504486619535;0.05760700389105006;256.09;IBERCAJA;NOSE
01-09-2024;SECTORINMOBILIARIO;SGRO.L;SEGRO PLC GBP 467 4,31 1.773 3,95;3.39;0.01278772378516624;0.043350383631713556;871.2;IBERCAJA;NOSE
01-09-2024;SECTORINMOBILIARIO;NG.L;NATIONAL GBP 341 2,55 509 3,02;3.36;0.0070592981040742235;0.02371924162968939;998.6;IBERCAJA;NOSE
01-09-2024;SECTORINMOBILIARIO;TRN.MI;TERNA RETE EUR 542 2,57 -- --;2.53;0.014713474445018053;0.03722509034589567;7.862;IBERCAJA;NOSE
01-09-2024;SECTORINMOBILIARIO;AMH;AMERICAN HOMES 4 USD 561 0,79 513 0,78;2.43;0.016096065406234098;0.03911343893714886;39.77;IBERCAJA;NOSE
01-09-2024;SECTORINMOBILIARIO;INVH;INVITATION HOMES USD 641 0,90 564 0,85;2.4;0.017117614577581573;0.04108227498619577;36.84;IBERCAJA;NOSE
01-09-2024;SECTORINMOBILIARIO;CCI;CROWN CASTLE INTL USD 154 1,42 -- --;2.22;0.00304441260744976;0.006758595988538468;112.02;IBERCAJA;NOSE
01-09-2024;SECTORINMOBILIARIO;ARE;ALEXANDRIA REAL USD 157 1,13 -- --;2.21;0.014853165846206077;0.03282549652011543;119.57;IBERCAJA;NOSE
01-09-2024;SECTORINMOBILIARIO;DG.PA;VINCI SA EUR 128 1,18 1.112 2,48;2.21;0.005111524163568879;0.011296468401487222;108.15;IBERCAJA;NOSE
01-09-2024;SECTORINMOBILIARIO;DLR;DIGITAL REALTY TRUST USD 134 1,24 685 1,53;2.21;0.01411371237458203;0.031191304347826288;151.61;IBERCAJA;NOSE
01-09-2024;SECTORINMOBILIARIO;EQIX;EQUINIX USD 122 1,12 -- --;2.21;0.01907809561032807;0.04216259129882503;834.36;IBERCAJA;NOSE
01-09-2024;SECTORINMOBILIARIO;EXR;EXTRA SPACE STORAGE USD 142 1,31 -- --;2.21;0.008317192662641039;0.018380995784436693;177.0;IBERCAJA;NOSE
01-09-2024;SECTORINMOBILIARIO;FER.MC;FERROVIAL EUR 525 2,49 329 2,37;2.21;0.010171306209850175;0.022478586723768887;37.74;IBERCAJA;NOSE
01-09-2024;SECTORINMOBILIARIO;FGR.PA;EIFFAGE EUR 145 1,34 830 1,85;2.21;0.012820512820512851;0.0283333333333334;94.8;IBERCAJA;NOSE
01-09-2024;SECTORINMOBILIARIO;LNG;CHENIERE ENERGY USD 431 2,31 -- --;2.21;0.007450106041655363;0.016464734352058353;185.26;IBERCAJA;NOSE
01-09-2024;SECTORINMOBILIARIO;OKE;ONEOK USD 265 1,42 -- --;2.21;0.02451469772601213;0.05417748197448681;92.36;IBERCAJA;NOSE
01-09-2024;SECTORINMOBILIARIO;SCYR.MC;SACYR EUR 202 1,87 1.145 2,55;2.21;0.004329004329004402;0.009567099567099727;3.248;IBERCAJA;NOSE
01-09-2024;SECTORINMOBILIARIO;TU9.SG;TRANSURBAN GROUP EUR 872 4,66 -- --;2.21;0.013671389510315836;0.030213770817797997;8.156;IBERCAJA;NOSE
01-09-2024;SECTORINMOBILIARIO;VIE.PA;VEOLIA ENVIRONNEMENT EUR 511 2,97 361 1,93;2.21;0.005372733378106116;0.011873740765614517;29.94;IBERCAJA;NOSE
01-09-2024;SECTORINMOBILIARIO;ANA.MC;ACCIONA SA EUR 97 0,90 -- --;2.2;0.0024590163934425997;0.0054098360655737195;122.3;IBERCAJA;NOSE
01-09-2024;SECTORINMOBILIARIO;EON.BD;EON SE EUR 406 2,36 18;2.17;0.0;0.0;4905.0;IBERCAJA;NOSE
01-09-2024;SECTORINMOBILIARIO;LEG.DE;LEG IMMOBILIEN EUR 283 2,61 1.525 3,40;2.06;0.020154675415983113;0.04151863135692521;87.06;IBERCAJA;NOSE
01-09-2024;SECTORINMOBILIARIO;AED.BR;AEDIFICA SA EUR 223 2,01 -- --;2.05;0.006600660066006577;0.013531353135313482;61.0;IBERCAJA;NOSE
01-09-2024;SECTORINMOBILIARIO;8H1.BE;HYDRO ONE CAD EUR;2.04;0.006666666666666643;0.013599999999999952;30.2;IBERCAJA;NOSE
01-09-2024;SECTORINMOBILIARIO;ENEL.MI;ENEL SPA EUR 463 2,68 480 2,57;1.93;0.0026292725679228444;0.00507449605609109;6.864;IBERCAJA;NOSE
01-09-2024;SECTORINMOBILIARIO;BYG.L;BIG YELLOW GROUP PLC GBP 185 1,71 1.066 2,38;1.89;0.012841091492776886;0.024269662921348314;1262.0;IBERCAJA;NOSE
01-09-2024;SECTORINMOBILIARIO;BAM;BROOKFIELD ASSET USD 193 1,75 -- --;1.88;0.003446578040374214;0.006479566715903522;40.76;IBERCAJA;NOSE
01-09-2024;SECTORINMOBILIARIO;MRL.MC;MERLIN PROPERTIES EUR 89 0,82 574 1,28;1.75;0.021178637200736688;0.037062615101289206;11.09;IBERCAJA;NOSE
01-09-2024;SECTORINMOBILIARIO;WDP.BR;WAREHOUSES DE PAUW EUR 197 1,82 1.017 2,27;1.68;0.011735121542330309;0.019715004191114917;24.14;IBERCAJA;NOSE
01-09-2024;SECTORINMOBILIARIO;SSEZY;SSE PLC GBP 193 1,12 -- --;1.63;-0.003168316831683101;-0.005164356435643454;25.17;IBERCAJA;NOSE
01-09-2024;SECTORINMOBILIARIO;AENA.MC;AENA EUR 343 1,63 139 1,00;1.55;0.008839779005524831;0.013701657458563488;182.6;IBERCAJA;NOSE
01-09-2024;SECTORINMOBILIARIO;GET.PA;GETLINK EUR 180 1,04 -- --;1.54;0.00307408545957582;0.004734091607746763;16.315;IBERCAJA;NOSE
01-09-2024;SECTORINMOBILIARIO;FERG.L;FERGUSON PLC GBP 114 1,05 -- --;1.53;-0.003215434083601286;-0.004919614147909968;15500.0;IBERCAJA;NOSE
01-09-2024;SECTORINMOBILIARIO;UTG.L;UNITE GROUP GBP 178 1,65 1.538 3,43;1.5;0.013227513227513227;0.01984126984126984;957.5;IBERCAJA;NOSE
01-09-2024;SECTORINMOBILIARIO;SUI;SUN COMMUNITIES USD 341 1,62 139 1,00;1.41;0.017377567140600333;0.024502369668246468;135.24;IBERCAJA;NOSE
01-09-2024;SECTORINMOBILIARIO;PWR;QUANTA SERVICES USD 162 0,96 -- --;1.32;0.015052573325954562;0.01986939679026002;275.13;IBERCAJA;NOSE
01-09-2024;SECTORINMOBILIARIO;RENE.LS;REN- REDES EUR 267 1,58 239 1,39;1.31;0.004246284501061669;0.005562632696390787;2.365;IBERCAJA;NOSE
01-09-2024;SECTORINMOBILIARIO;VNA.F;VONOVIA SE EUR 171 1,28 -- --;1.28;0.02459016393442623;0.031475409836065574;31.25;IBERCAJA;NOSE
01-09-2024;SECTORINMOBILIARIO;FRA.DE;FRAPORT EUR 109 1,01 642 1,43;1.03;0.00483516483516481;0.004980219780219754;45.72;IBERCAJA;NOSE
01-09-2024;SECTORINMOBILIARIO;GLNG;GOLAR LNG USD 121 0,90 157 0,93;0.9;0.008482278097546233;0.00763405028779161;33.29;IBERCAJA;NOSE
01-09-2024;SECTORINMOBILIARIO;CTPNV.AS;CTP NV EUR 108 0,81 -- --;0.81;0.003546099290780066;0.0028723404255318534;16.98;IBERCAJA;NOSE
01-09-2024;SECTORINMOBILIARIO;CNA.L;CENTRICA GBP 88 0,66 -- --;0.66;0.004682013265704208;0.0030901287553647774;128.75;IBERCAJA;NOSE
01-09-2024;SECTORINMOBILIARIO;HOT.DE;HOCHTIEF AG EUR 105 0,61 -- --;0.41;-0.005395683453237487;-0.0022122302158273694;110.6;IBERCAJA;NOSE
01-09-2024;SECTORINMOBILIARIO;SVT.L;SEVERN TRENT PLC GBP 36 0,27 -- --;0.27;0.015402843601895734;0.004158767772511849;2571.0;IBERCAJA;NOSE
01-09-2024;SMALLCAPS;TUB.MC;TUBACEX EUR 2.836 2,29 1.628 1,84;3.22;-0.0050847457627119065;-0.01637288135593234;2.935;IBERCAJA;NOSE
01-09-2024;SMALLCAPS;SCYR.MC;SACYR EUR 2.450 1,98 2.297 2,60;3.11;0.004329004329004402;0.013463203463203689;3.248;IBERCAJA;NOSE
01-09-2024;SMALLCAPS;ACX.MC;ACERINOX S.A. EUR 656 0,79 -- --;2.96;0.0010515247108306822;0.003112513144058819;9.52;IBERCAJA;NOSE
01-09-2024;SMALLCAPS;ATYM.L;ATALAYA MINING GBP 1.311 1,40 -- --;2.5;-0.002577319587628866;-0.006443298969072165;387.0;IBERCAJA;NOSE
01-09-2024;SMALLCAPS;LDO.MI;LEONARDO EUR 1.684 1,36 -- --;2.42;-0.0013049151805131617;-0.0031578947368418515;22.96;IBERCAJA;NOSE
01-09-2024;SMALLCAPS;KCR.HE;KONECRANES OYJ EUR 2.916 2,35 2.708 3,06;2.27;0.006339144215530881;0.0143898573692551;63.5;IBERCAJA;NOSE
01-09-2024;SMALLCAPS;CWK.L;CRANSWICK GBP 3.036 1,84 -- --;2.27;0.008368200836820083;0.01899581589958159;4820.0;IBERCAJA;NOSE
01-09-2024;SMALLCAPS;GCO.MC;CATALANA OCCIDENTE S EUR 714 0,76 -- --;2.15;0.006305170239596469;0.013556116015132407;39.9;IBERCAJA;NOSE
01-09-2024;SMALLCAPS;ROR.L;ROTORK GBP 1.861 1,50 1.815 2,05;2.11;0.004219409282700353;0.008902953586497744;333.2;IBERCAJA;NOSE
01-09-2024;SMALLCAPS;6UY.F;ALLFUNDS GROUP EUR 1.984 1,60;2.1;0.017383348581884676;0.03650503202195782;5.56;IBERCAJA;NOSE
01-09-2024;SMALLCAPS;BVIC.L;BRITVIC GBP 1.794 1,45 -- -;2.09;-0.0007836990595611285;-0.0016379310344827585;1275.0;IBERCAJA;NOSE
01-09-2024;SMALLCAPS;RXL.PA;REXEL SA EUR 2.216 1,79 2.176 2,46;1.97;0.00131521262604126;0.002590968873301282;22.84;IBERCAJA;NOSE
01-09-2024;SMALLCAPS;VIS.MC;VISCOFAN EUR 3.165 2,55 1.926 2,18;1.89;0.0;0.0;61.1;IBERCAJA;NOSE
01-09-2024;SMALLCAPS;AVOL.SW;AVOLTA AG CHF 2.063 1,68 2.420 1,95;1.88;-0.004836759371221179;-0.009093107617895816;32.92;IBERCAJA;NOSE
01-09-2024;SMALLCAPS;BAB.L;BABCOCK INTL GBP 1.151 0,93 -- --;1.88;0.005758157389635317;0.010825335892514396;524.0;IBERCAJA;NOSE
01-09-2024;SMALLCAPS;FTK.DE;FLATEXDEGIRO EUR 2.388 1,93 1.347 1,52;1.88;0.00038270187523924853;0.0007194795254497872;13.07;IBERCAJA;NOSE
01-09-2024;SMALLCAPS;ICOS.MI;INTERCOS EUR 2.031 1,64 -- --;1.88;0.011335012594458307;0.021309823677581618;16.06;IBERCAJA;NOSE
01-09-2024;SMALLCAPS;VID.MC;VIDRALA EUR 1.817 1,46 1.849 2,09;1.88;0.011270491803278777;0.021188524590164102;98.7;IBERCAJA;NOSE
01-09-2024;SMALLCAPS;ESF.VI;EUROFINS SCIENTIFIC EUR 2.330 1,90 2.297 1,85;1.79;0.0038550501156514212;0.0069005397070160445;52.08;IBERCAJA;NOSE
01-09-2024;SMALLCAPS;HAG.F;HENSOLDT EUR 1.220 0,99 -- --;1.79;-0.011137162954278882;-0.0199355216881592;33.74;IBERCAJA;NOSE
01-09-2024;SMALLCAPS;RN4.F;REN- REDES EUR 781 0,88 -- --;1.79;0.00858369098712447;0.015364806866952803;2.35;IBERCAJA;NOSE
01-09-2024;SMALLCAPS;SLR.MC;SOLARIA ENERGIA EUR 1.545 1,25 -- --;1.79;0.01169064748201446;0.020926258992805882;11.25;IBERCAJA;NOSE
01-09-2024;SMALLCAPS;TATE.L;TATE  LYLE GBP;1.79;0.004451038575667656;0.007967359050445105;677.0;IBERCAJA;NOSE
01-09-2024;SMALLCAPS;BFSA.DE;BEFESA EUR 605 0,49 1.680 1,90;1.61;-0.0014705882352940864;-0.002367647058823479;27.16;IBERCAJA;NOSE
01-09-2024;SMALLCAPS;GEST.MC;GESTAMP AUTOMOCION, EUR 3.162 2,55 904 1,02;1.55;0.00764818355640519;0.011854684512428045;2.635;IBERCAJA;NOSE
01-09-2024;SMALLCAPS;INRN.SW;INTERROLL HOLDING CHF 1.837 1,48 1.543 1,74;1.52;0.014084507042253521;0.021408450704225354;2520.0;IBERCAJA;NOSE
01-09-2024;SMALLCAPS;FORT.L;FORTERRA GBP 1.376 1,11 -- --;1.51;0.01030927835051553;0.01556701030927845;176.4;IBERCAJA;NOSE
01-09-2024;SMALLCAPS;COR.LS;CORTICEIRA AMORIM EUR 2.321 1,87 1.744 1,97;1.5;0.016987542468856212;0.025481313703284318;8.98;IBERCAJA;NOSE
01-09-2024;SMALLCAPS;COP.DE;COMPUGROUP MEDICAL EUR 2.120 1,71 1.692 1,91;1.45;-0.012666244458518005;-0.018366054464851105;15.59;IBERCAJA;NOSE
01-09-2024;SMALLCAPS;EVD.SG;CTS EVENTIM AG EUR 1.753 1,43 -- --;1.43;-0.001764705882353008;-0.0025235294117648016;84.85;IBERCAJA;NOSE
01-09-2024;SMALLCAPS;ENO.MC;ELECNOR EUR 1.730 1,41 -- --;1.41;0.0010881392818280508;0.0015342763873775515;18.4;IBERCAJA;NOSE
01-09-2024;SMALLCAPS;FLOW.AS;FLOW TRADERS EUR 1.932 1,56 2.717 3,07;1.4;-0.007390562819783912;-0.010346787947697476;17.46;IBERCAJA;NOSE
01-09-2024;SMALLCAPS;CCC.L;COMPUTACENTER GBP 2.217 1,79 1.794 2,03;1.39;-0.0051094890510948905;-0.007102189781021897;2726.0;IBERCAJA;NOSE
01-09-2024;SMALLCAPS;HWDN.L;HOWDEN JOINERY GBP 2.583 1,56 2.311 1,54;1.34;0.0010515247108307045;0.001409043112513144;952.0;IBERCAJA;NOSE
01-09-2024;SMALLCAPS;BC8.DE;BECHTLE AG EUR 2.433 1,96 2.215 2,50;1.33;-0.010167768174885756;-0.013523131672598056;38.94;IBERCAJA;NOSE
01-09-2024;SMALLCAPS;ECONB.BR;ECONOCOM GROUP EUR 1.682 1,36 1.406 1,59;1.33;0.01470588235294108;0.01955882352941164;2.07;IBERCAJA;NOSE
01-09-2024;SMALLCAPS;TNXT.MI;TINEXTA SPA EUR 930 1,05 -- --;1.33;0.014007782101167293;0.0186303501945525;13.03;IBERCAJA;NOSE
01-09-2024;SMALLCAPS;BOWL.L;HOLLYWOOD BOWL GBP 1.471 1,19 1.761 1,99;1.32;-0.0014925373134328358;-0.0019701492537313433;334.5;IBERCAJA;NOSE
01-09-2024;SMALLCAPS;CASH.MC;PROSEGUR CASH EUR 1.597 1,30 2.424 1,95;1.3;0.01688555347091934;0.02195121951219514;0.542;IBERCAJA;NOSE
01-09-2024;SMALLCAPS;TRUE-B.ST;TRUECALLER SEK 1.506 1,23 -- --;1.23;0.016505406943653905;0.020301650540694303;35.72;IBERCAJA;NOSE
01-09-2024;SMALLCAPS;GXI.DE;GERRESHEIMER AG EUR 4.477 2,71 3.760 2,51;1.22;0.02171767028627841;0.026495557749259657;103.5;IBERCAJA;NOSE
01-09-2024;SMALLCAPS;VK.PA;VALLOUREC SA EUR 1.473 1,20 -- --;1.2;0.013291360615599825;0.01594963273871979;14.485;IBERCAJA;NOSE
01-09-2024;SMALLCAPS;CAF.MC;C.A.F. EUR 1.822 1,94 385 0,22;1.19;0.00580551523947738;0.006908563134978081;34.65;IBERCAJA;NOSE
01-09-2024;SMALLCAPS;KARN.SW;KARDEX HOLDING CHF 1.267 1,02 719 0,81;1.18;0.02040816326530612;0.024081632653061222;275.0;IBERCAJA;NOSE
01-09-2024;SMALLCAPS;TGS.OL;TGS ASA NOK 504 0,61 536 0,57;1.18;-0.05745341614906836;-0.06779503105590066;121.4;IBERCAJA;NOSE
01-09-2024;SMALLCAPS;LPE.PA;LAURENT-PERRIER EUR 1.524 1,23 -- --;1.16;-0.0043859649122807015;-0.005087719298245613;113.5;IBERCAJA;NOSE
01-09-2024;SMALLCAPS;TEP.PA;TELEPERFORMANCE EUR 3.109 1,19 2.520 0,92;1.14;0.003654822335025375;0.004166497461928927;98.86;IBERCAJA;NOSE
01-09-2024;SMALLCAPS;NOEJ.DE;NORMA GROUP EUR 2.872 1,74 2.970 1,98;1.12;0.006821282401091381;0.007639836289222348;14.76;IBERCAJA;NOSE
01-09-2024;SMALLCAPS;DOM.MC;GLOBAL DOMINION EUR 1.401 1,13 -- --;1.11;0.017211703958692003;0.019104991394148126;2.955;IBERCAJA;NOSE
01-09-2024;SMALLCAPS;ELIS.PA;ELIS SA EUR 1.168 0,94 1.037 1,17;1.01;0.020072992700729823;0.02027372262773712;22.36;IBERCAJA;NOSE
01-09-2024;SMALLCAPS;DUE.MU;DUERR AG EUR 1.689 1,36 2.269 2,56;0.99;0.006106870229007685;0.006045801526717608;19.77;IBERCAJA;NOSE
01-09-2024;SMALLCAPS;SRT3.VI;SARTORIUS AG EUR 1.744 1,41 2.401 2,71;0.95;0.002008032128514056;0.0019076305220883532;249.5;IBERCAJA;NOSE
01-09-2024;SMALLCAPS;ASM.AS;ASM INTERNATIONAL EUR 2.330 1,88 1.885 2,13;0.92;0.0003274394237066888;0.0003012442698101537;611.0;IBERCAJA;NOSE
01-09-2024;SMALLCAPS;MCM.MC;MIQUEL Y COSTAS EUR 761 0,86 -- --;0.9;0.0040000000000000565;0.003600000000000051;12.55;IBERCAJA;NOSE
01-09-2024;SMALLCAPS;DLN.L;DERWENT LONDON GBP 1.087 0,89 -- --;0.89;0.016536118363794605;0.014717145343777199;2336.0;IBERCAJA;NOSE
01-09-2024;SMALLCAPS;U1B.F;UNITE GROUP GBP 1.082 0,88 -- --;0.88;0.008928571428571556;0.00785714285714297;11.3;IBERCAJA;NOSE
01-09-2024;SMALLCAPS;CIE.MC;CIE AUTOMOTIVE EUR 1.159 0,93 -- --;0.87;0.0018450184501843968;0.0016051660516604252;27.15;IBERCAJA;NOSE
01-09-2024;SMALLCAPS;BLND.L;BRITISH LAND GBP 1.013 0,83 -- --;0.83;0.027486256871564217;0.0228135932033983;411.2;IBERCAJA;NOSE
01-09-2024;SMALLCAPS;BOSS.DE;HUGO BOSS AG-ORD EUR 1.012 0,82 -- --;0.82;-0.019704433497536894;-0.016157635467980252;37.81;IBERCAJA;NOSE
01-09-2024;SMALLCAPS;ACLN.SW;ACCELLERON INDUSTRI CHF 767 0,62 -- --;0.81;0.01743119266055041;0.014119266055045834;44.36;IBERCAJA;NOSE
01-09-2024;SMALLCAPS;WLN.PA;WORLDLINE SA EUR 2.010 1,62 1.827 2,06;0.68;0.006072382803011988;0.004129220306048152;8.284;IBERCAJA;NOSE
01-09-2024;SMALLCAPS;INCH.L;INCHCAPE PLC GBP 824 0,67 -- --;0.67;0.0005871990604815032;0.0003934233705226072;852.0;IBERCAJA;NOSE
01-09-2024;SMALLCAPS;REN.AS;RELX PLC EUR 517 0,58 -- --;0.58;-0.012223789374706065;-0.0070897978373295175;42.02;IBERCAJA;NOSE
01-09-2024;SMALLCAPS;ROVI.MC;LABORATORIOS FARMA EUR 692 0,56 3.345 2,70;0.56;0.015964240102171137;0.008939974457215838;79.55;IBERCAJA;NOSE
01-09-2024;SMALLCAPS;OTB.L;ON THE BEACH GBP 2.503 1,39 -- --;0.37;-0.009079118028534224;-0.003359273670557663;152.8;IBERCAJA;NOSE
01-09-2024;SMALLCAPS;5GR.F;GRENERGY RENOVABLES EUR 443 0,36 -- --;0.36;0.006125574272588142;0.002205206738131731;32.85;IBERCAJA;NOSE
01-09-2024;SMALLCAPS;PQQ2.F;HARBOUR ENERGY GBP 71 0,06 2.153 1,74;0.06;0.0571428571428572;0.003428571428571432;3.7;IBERCAJA;NOSE
01-09-2024;SMALLCAPS;AUTO.L;AUTO TRADER GROUP GBP 15 0,01 -- --;0.01;0.002355712603062426;2.3557126030624262e-05;851.0;IBERCAJA;NOSE
01-09-2024;TECNOLOGICO;GOOG;ALPHABET INC USD 16.992 5,54 13.551 4,69;8.99;0.010465116279069816;0.09408139534883765;165.11;IBERCAJA;NOSE
01-09-2024;TECNOLOGICO;AAPL;APPLE INCORPORATED USD 11.469 3,74 10.237 3,54;8.28;-0.003437921580573533;-0.02846599068714885;229.0;IBERCAJA;NOSE
01-09-2024;TECNOLOGICO;MSFT;MICROSOFT USD 4.500 1,47 3.771 1,30;8.1;0.009730828814872148;0.0788197134004644;417.14;IBERCAJA;NOSE
01-09-2024;TECNOLOGICO;META;META PLATFORMS USD 3.215 3,00 4.733 5,55;7.2;0.005962718536528729;0.04293157346300685;521.31;IBERCAJA;NOSE
01-09-2024;TECNOLOGICO;NVDA;NVIDIA CORP USD 6.714 2,19 3.612 1,25;6.95;0.01513734161068119;0.10520452419423428;119.37;IBERCAJA;NOSE
01-09-2024;TECNOLOGICO;AMZN;AMAZON.COM USD 7.122 1,80 7.198 2,02;3.08;0.03706716244480592;0.11416686033000224;178.5;IBERCAJA;NOSE
01-09-2024;TECNOLOGICO;ORCL;ORACLE CORP USD 3.888 0,98 3.442 0,97;2.68;0.013412709797733501;0.035946062257925786;141.29;IBERCAJA;NOSE
01-09-2024;TECNOLOGICO;ACN;ACCENTURE PLC USD 11.079 3,61 10.565 3,65;2.65;0.005114488110284851;0.013553393492254855;341.95;IBERCAJA;NOSE
01-09-2024;TECNOLOGICO;CIEN;CIENA USD 6.574 1,27 8.123 1,48;2.44;0.0160380683820937;0.039132886852308625;57.65;IBERCAJA;NOSE
01-09-2024;TECNOLOGICO;ADBE;ADOBE USD 5.268 1,33 5.322 1,49;2.4;0.008391411969172924;0.020139388726015017;574.41;IBERCAJA;NOSE
01-09-2024;TECNOLOGICO;ASML.AS;ASML HOLDING USD;2.4;-0.013365735115431349;-0.03207776427703524;812.0;IBERCAJA;NOSE
01-09-2024;TECNOLOGICO;CAP.PA;CAPGEMINI EUR 13.770 2,66 14.654 2,67;2.4;0.008064516129032258;0.019354838709677417;187.5;IBERCAJA;NOSE
01-09-2024;TECNOLOGICO;GEN;GEN DIGITAL USD 11.733 2,34 13.813 3,51;2.4;0.0015140045420135937;0.003633610900832625;26.46;IBERCAJA;NOSE
01-09-2024;TECNOLOGICO;MU;MICRON TECHNOLOGY USD 7.069 1,79 5.784 1,62;2.4;0.00701056816992782;0.016825363607826768;96.24;IBERCAJA;NOSE
01-09-2024;TECNOLOGICO;NFLX;NETFLIX USD 7.560 1,91 -- --;2.4;0.012809034195933463;0.03074168207024031;701.35;IBERCAJA;NOSE
01-09-2024;TECNOLOGICO;PANW;PALO ALTO USD 2.086 0,53 -- --;2.4;0.012590379944725295;0.030216911867340705;362.72;IBERCAJA;NOSE
01-09-2024;TECNOLOGICO;V;VISA INC;2.4;0.007473024205307712;0.017935258092738507;276.37;IBERCAJA;NOSE
01-09-2024;TECNOLOGICO;VRNS;VARONIS SYSTEMS USD 7.775 1,70 -- --;2.4;0.00945247012662745;0.02268592830390588;56.6;IBERCAJA;NOSE
01-09-2024;TECNOLOGICO;CRWD;CROWDSTRIKE HOLDINGS USD 1.574 0,40 -- --;2.33;0.02065005337357808;0.048114624360436925;277.28;IBERCAJA;NOSE
01-09-2024;TECNOLOGICO;QCOM;QUALCOMM USD 2.261 0,57 2.494 0,70;2.12;0.034279308513776634;0.07267213404920647;175.3;IBERCAJA;NOSE
01-09-2024;TECNOLOGICO;SAP.DE;SAP SE EUR 6.161 1,56 14.904 4,19;1.77;-0.006532006833484129;-0.011561652095266908;197.72;IBERCAJA;NOSE
01-09-2024;TECNOLOGICO;HPE;HEWLETT PACKAR ENTER USD 6.956 1,64 -- --;1.71;0.03693790149892941;0.06316381156316929;19.37;IBERCAJA;NOSE
01-09-2024;TECNOLOGICO;AVGO;BROADCOM USD 3.220 0,81 2.919 0,82;1.66;0.037532657872936886;0.06230421206907523;162.82;IBERCAJA;NOSE
01-09-2024;TECNOLOGICO;IBM;IBM CORP USD 6.248 1,58 5.667 1,59;1.65;0.01623931623931619;0.026794871794871708;202.13;IBERCAJA;NOSE
01-09-2024;TECNOLOGICO;PYPL;PAYPAL HOLDINGS INC USD 3.376 1,10 -- -;1.44;-0.009978130125751638;-0.01436850738108236;72.43;IBERCAJA;NOSE
01-09-2024;TECNOLOGICO;CSCO;CISCO SYSTEM USD 6.613 1,67 5.494 1,54;1.39;0.0029767811073625437;0.004137725739233935;50.54;IBERCAJA;NOSE
01-09-2024;TECNOLOGICO;DBX;DROPBOX USD 6.137 1,55 7.265 2,04;1.31;0.0023923444976077465;0.003133971291866148;25.14;IBERCAJA;NOSE
01-09-2024;TECNOLOGICO;DIS;WALT DISNEY CO USD 4.385 1,43 5.036 1,74;1.27;0.006346731989756076;0.008060349626990216;90.38;IBERCAJA;NOSE
01-09-2024;TECNOLOGICO;CRM;SALESFORCE.COM USD 7.225 1,83 7.286 2,05;1.2;-0.01599159565775645;-0.01918991478930774;252.9;IBERCAJA;NOSE
01-09-2024;TECNOLOGICO;IFX.DE;INFINEON TECHNOLOG. EUR 8.677 2,19 7.534 2,12;0.99;0.004260499087035927;0.0042178940961655675;33.0;IBERCAJA;NOSE
01-09-2024;TECNOLOGICO;0700.HK;TENCENT HOLDINGS HKD 6.689 1,69 -- --;0.93;0.011652542372881295;0.010836864406779605;382.0;IBERCAJA;NOSE
01-09-2024;TECNOLOGICO;ADYEN.AS;ADYEN NV EUR 3.733 0,75 10.149 2,02;0.75;-0.0077646707480962295;-0.005823503061072172;1329.0;IBERCAJA;NOSE
01-09-2024;TECNOLOGICO;7974.T;NINTENDO JPY 3.331 0,84 3.634 1,02;0.66;0.004066073697585769;0.002683608640406607;7902.0;IBERCAJA;NOSE
01-09-2024;TECNOLOGICO;SOI.PA;SOITEC EUR 2.427 0,49 -- --;0.49;-0.004428697962798937;-0.0021700620017714787;112.4;IBERCAJA;NOSE
01-09-2024;TECNOLOGICO;MRVL;MARVELL TECHNOLOGY USD 1.670 0,42 1.557 0,44;0.44;0.09163802978235955;0.0403207331042382;76.24;IBERCAJA;NOSE
01-09-2024;TECNOLOGICO;CHKP;CHECK POINT SOFTWARE USD 1.432 0,36 1.632 0,46;0.42;0.004644851521319275;0.0019508376389540955;192.5;IBERCAJA;NOSE
01-09-2024;TECNOLOGICO;VRNT;VERINT SYSTEMS USD 3.102 0,78 4.399 1,24;0.4;-0.008173530336372147;-0.0032694121345488592;31.55;IBERCAJA;NOSE
01-09-2024;TECNOLOGICO;3690.HK;MEITUAN HKD 194 0,04 -- --;0.03;0.021607605877268798;0.0006482281763180639;118.2;IBERCAJA;NOSE
01-09-2024;ZVIX;^VIX;^VIX;10.0;-0.04153354632587861;-0.4153354632587861;15.0;IBERCAJA;NOSE
01-09-2024;ZVSTOXX;^RVX;RUSSEL 2000;10.0;-0.018318965517241374;-0.18318965517241376;18.22;IBERCAJA;NOSE
01-09-2024;ZVSTOXX;^VIN;VIN;10.0;-0.04624277456647403;-0.46242774566474026;14.85;IBERCAJA;NOSE
01-09-2024;ZVSTOXX;^VXD;DOW JONES;10.0;-0.05732484076433124;-0.5732484076433124;13.32;IBERCAJA;NOSE
01-09-2024;ZVXN;^VXN;NASDAQ;10.0;-0.0626822157434402;-0.626822157434402;19.29;IBERCAJA;NOSE
